#deviceId,InstantPower(mW),InstantTemperature(C),TotalEnergy(mJ)
0,115673,35,204332917152
0,115673,35,204332917152
0,115673,35,204332917152
0,115673,35,204332917152
0,115673,35,204332917152
0,115673,35,204332917152
0,115673,35,204332928669
0,115673,35,204332928669
0,115673,35,204332928669
0,115673,35,204332928669
0,115673,35,204332928669
0,115669,35,204332928669
0,115669,35,204332928669
0,115669,35,204332928669
0,115669,35,204332928669
0,115669,35,204332928669
0,115669,35,204332928669
0,115669,35,204332928669
0,115669,35,204332940170
0,115669,35,204332940170
0,115669,35,204332940170
0,115669,35,204332940170
0,115669,35,204332940170
0,115669,35,204332940170
0,115669,35,204332940170
0,115669,35,204332940170
0,115669,35,204332940170
0,115669,35,204332940170
0,115669,35,204332940170
0,115669,35,204332951673
0,115669,35,204332951673
0,115669,35,204332951673
0,115669,35,204332951673
0,115669,35,204332951673
0,115669,35,204332951673
0,115669,35,204332951673
0,115669,35,204332951673
0,115669,35,204332951673
0,115669,35,204332951673
0,115669,35,204332951673
0,115669,35,204332951673
0,115669,35,204332951673
0,115669,35,204332951673
0,115669,35,204332963255
0,115669,35,204332963255
0,115669,35,204332963255
0,115669,35,204332963255
0,115669,35,204332963255
0,115669,35,204332963255
0,115538,35,204332963255
0,115538,35,204332963255
0,115538,35,204332963255
0,115538,35,204332963255
0,115538,35,204332963255
0,115538,35,204332963255
0,115538,35,204332974776
0,115538,35,204332974776
0,115538,35,204332974776
0,115538,35,204332974776
0,115538,35,204332974776
0,115538,35,204332974776
0,115538,35,204332974776
0,115661,35,204332974776
0,115661,35,204332974776
0,115661,35,204332974776
0,115661,35,204332974776
0,115661,35,204332974776
0,115661,35,204332986436
0,115661,35,204332986436
0,115661,35,204332986436
0,115661,35,204332986436
0,115661,35,204332986436
0,115661,35,204332986436
0,115661,35,204332986436
0,115656,35,204332986436
0,115656,35,204332986436
0,115656,35,204332986436
0,115656,35,204332986436
0,115656,35,204332986436
0,115656,35,204332997927
0,115656,35,204332997927
0,115656,35,204332997927
0,115656,35,204332997927
0,115656,35,204332997927
0,115656,35,204332997927
0,115656,35,204332997927
0,115681,35,204332997927
0,115681,35,204332997927
0,115681,35,204332997927
0,115681,35,204332997927
0,115681,35,204332997927
0,115681,35,204333009448
0,115681,35,204333009448
0,115681,34,204333009448
0,115681,34,204333009448
0,115681,34,204333009448
0,115681,34,204333009448
0,115681,34,204333009448
0,115681,34,204333009448
0,115681,34,204333009448
0,115681,34,204333009448
0,115681,34,204333009448
0,115687,34,204333020931
0,115687,34,204333020931
0,115687,35,204333020931
0,115687,35,204333020931
0,115687,35,204333020931
0,115687,35,204333020931
0,115687,35,204333020931
0,115687,35,204333020931
0,115687,35,204333020931
0,115687,35,204333020931
0,115687,35,204333020931
0,115545,35,204333032444
0,115545,35,204333032444
0,115545,35,204333032444
0,115545,35,204333032444
0,115545,35,204333032444
0,115545,35,204333032444
0,115545,35,204333032444
0,115545,35,204333032444
0,115545,35,204333032444
0,115545,35,204333032444
0,115545,35,204333032444
0,115680,35,204333032444
0,115680,35,204333032444
0,115680,35,204333044193
0,115680,35,204333044193
0,115680,35,204333044193
0,115680,34,204333044193
0,115680,34,204333044193
0,115680,34,204333044193
0,115680,34,204333044193
0,115680,34,204333044193
0,115680,34,204333044193
0,115680,34,204333044193
0,115680,34,204333044193
0,115680,34,204333044193
0,115680,34,204333055759
0,115694,34,204333055759
0,115694,34,204333055759
0,115694,34,204333055759
0,115694,35,204333055759
0,115694,35,204333055759
0,115694,35,204333055759
0,115694,35,204333055759
0,115694,35,204333055759
0,115694,35,204333055759
0,115694,35,204333055759
0,115694,35,204333055759
0,115694,35,204333067219
0,115694,35,204333067219
0,115694,35,204333067219
0,115694,35,204333067219
0,115694,35,204333067219
0,115694,34,204333067219
0,115694,34,204333067219
0,115694,34,204333067219
0,115694,34,204333067219
0,115694,34,204333067219
0,115694,34,204333067219
0,115694,34,204333067219
0,115694,34,204333067219
0,115694,34,204333067219
0,115694,34,204333078848
0,115712,34,204333078848
0,115712,34,204333078848
0,115712,34,204333078848
0,115712,34,204333078848
0,115712,35,204333078848
0,115712,35,204333078848
0,115712,35,204333078848
0,115712,35,204333078848
0,115712,35,204333078848
0,115712,35,204333078848
0,115712,35,204333078848
0,115712,35,204333090234
0,115712,35,204333090234
0,115572,35,204333090234
0,115572,35,204333090234
0,115572,35,204333090234
0,115572,35,204333090234
0,115572,35,204333090234
0,115572,35,204333090234
0,115572,35,204333090234
0,115572,35,204333090234
0,115572,35,204333090234
0,115572,35,204333090234
0,115572,35,204333101904
0,115677,35,204333101904
0,115677,35,204333101904
0,115677,35,204333101904
0,115677,35,204333101904
0,115677,35,204333101904
0,115677,35,204333101904
0,115677,35,204333101904
0,115677,35,204333101904
0,115677,35,204333101904
0,115677,35,204333101904
0,115677,35,204333101904
0,115677,35,204333101904
0,115677,35,204333101904
0,115677,35,204333113635
0,115677,35,204333113635
0,115718,35,204333113635
0,115718,35,204333113635
0,115718,35,204333113635
0,115718,35,204333113635
0,115718,35,204333113635
0,115718,35,204333113635
0,115718,35,204333113635
0,115718,35,204333113635
0,115718,35,204333113635
0,115718,35,204333113635
0,115718,35,204333113635
0,115718,35,204333125019
0,115718,35,204333125019
0,115723,35,204333125019
0,115723,35,204333125019
0,115723,35,204333125019
0,115723,35,204333125019
0,115723,35,204333125019
0,115723,34,204333125019
0,115723,34,204333125019
0,115723,34,204333125019
0,115723,34,204333125019
0,115723,34,204333125019
0,115723,34,204333125019
0,115723,34,204333136525
0,115723,34,204333136525
0,115723,34,204333136525
0,115716,34,204333136525
0,115716,34,204333136525
0,115716,34,204333136525
0,115716,34,204333136525
0,115716,34,204333136525
0,115716,34,204333136525
0,115716,34,204333136525
0,115716,34,204333136525
0,115716,34,204333136525
0,115716,34,204333148024
0,115716,34,204333148024
0,115716,34,204333148024
0,115716,34,204333148024
0,115716,34,204333148024
0,115716,34,204333148024
0,115716,34,204333148024
0,115716,34,204333148024
0,115716,34,204333148024
0,115716,34,204333148024
0,115716,34,204333148024
0,115716,34,204333148024
0,115716,34,204333148024
0,115716,34,204333148024
0,115716,34,204333159637
0,115716,34,204333159637
0,115716,34,204333159637
0,115716,34,204333159637
0,115569,34,204333159637
0,115569,34,204333159637
0,115569,34,204333159637
0,115569,35,204333159637
0,115569,35,204333159637
0,115569,35,204333159637
0,115569,35,204333159637
0,115569,35,204333159637
0,115569,35,204333171274
0,115569,35,204333171274
0,115569,35,204333171274
0,115569,35,204333171274
0,115727,35,204333171274
0,115727,35,204333171274
0,115727,35,204333171274
0,115727,35,204333171274
0,115727,35,204333171274
0,115727,35,204333171274
0,115727,35,204333171274
0,115727,35,204333171274
0,115727,35,204333171274
0,115727,35,204333182775
0,115727,35,204333182775
0,115727,35,204333182775
0,115727,35,204333182775
0,115727,35,204333182775
0,115727,35,204333182775
0,115727,35,204333182775
0,115735,35,204333182775
0,115735,35,204333182775
0,115735,35,204333182775
0,115735,35,204333182775
0,115735,35,204333182775
0,115735,35,204333182775
0,115735,35,204333182775
0,115735,35,204333182775
0,115735,35,204333194390
0,115735,35,204333194390
0,115735,35,204333194390
0,115735,35,204333194390
0,115735,35,204333194390
0,115735,35,204333194390
0,115735,35,204333194390
0,115716,35,204333194390
0,115716,35,204333194390
0,115716,35,204333194390
0,115716,35,204333194390
0,115716,35,204333194390
0,115716,34,204333205774
0,115716,34,204333205774
0,115716,34,204333205774
0,115716,34,204333205774
0,115716,34,204333205774
0,115716,34,204333205774
0,115716,34,204333205774
0,115709,34,204333205774
0,115709,34,204333205774
0,115709,34,204333205774
0,115709,34,204333205774
0,115709,34,204333205774
0,115709,35,204333217286
0,115709,35,204333217286
0,115709,35,204333217286
0,115709,35,204333217286
0,115709,35,204333217286
0,115709,35,204333217286
0,115709,35,204333217286
0,115502,35,204333217286
0,115502,35,204333217286
0,115502,35,204333217286
0,115502,35,204333217286
0,115502,35,204333229164
0,115502,35,204333229164
0,115502,35,204333229164
0,115502,35,204333229164
0,115502,35,204333229164
0,115502,35,204333229164
0,115502,35,204333229164
0,115502,35,204333229164
0,115502,35,204333229164
0,115700,35,204333229164
0,115700,35,204333229164
0,115700,35,204333229164
0,115700,35,204333229164
0,115700,35,204333229164
0,115700,35,204333240755
0,115700,35,204333240755
0,115700,35,204333240755
0,115700,35,204333240755
0,115700,35,204333240755
0,115700,35,204333240755
0,115700,35,204333240755
0,115700,35,204333240755
0,115700,35,204333240755
0,115700,35,204333240755
0,115700,35,204333240755
0,115696,35,204333240755
0,115696,35,204333240755
0,115696,35,204333240755
0,115696,35,204333252071
0,115696,35,204333252071
0,115696,35,204333252071
0,115696,35,204333252071
0,115696,35,204333252071
0,115696,35,204333252071
0,115696,35,204333252071
0,115696,35,204333252071
0,115696,35,204333252071
0,115696,35,204333252071
0,115696,35,204333252071
0,115690,35,204333252071
0,115690,35,204333252071
0,115690,35,204333263563
0,115690,35,204333263563
0,115690,35,204333263563
0,115690,35,204333263563
0,115690,35,204333263563
0,115690,35,204333263563
0,115690,35,204333263563
0,115690,35,204333263563
0,115690,35,204333263563
0,115690,35,204333263563
0,115690,35,204333263563
0,115697,35,204333263563
0,115697,35,204333263563
0,115697,35,204333275090
0,115697,35,204333275090
0,115697,35,204333275090
0,115697,35,204333275090
0,115697,35,204333275090
0,115697,35,204333275090
0,115697,35,204333275090
0,115697,35,204333275090
0,115697,35,204333275090
0,115697,35,204333275090
0,115697,35,204333275090
0,115697,35,204333275090
0,115697,35,204333275090
0,115477,35,204333275090
0,115477,35,204333286745
0,115477,35,204333286745
0,115477,35,204333286745
0,115477,35,204333286745
0,115477,35,204333286745
0,115477,35,204333286745
0,115477,35,204333286745
0,115477,35,204333286745
0,115477,35,204333286745
0,115477,35,204333286745
0,115477,35,204333286745
0,115477,35,204333286745
0,115477,35,204333298333
0,115477,35,204333298333
0,115708,35,204333298333
0,115708,35,204333298333
0,115708,35,204333298333
0,115708,35,204333298333
0,115708,35,204333298333
0,115708,35,204333298333
0,115708,35,204333298333
0,115708,35,204333298333
0,115708,35,204333298333
0,115708,35,204333298333
0,115708,35,204333298333
0,115708,35,204333309818
0,115702,35,204333309818
0,115702,35,204333309818
0,115702,35,204333309818
0,115702,35,204333309818
0,115702,34,204333309818
0,115702,34,204333309818
0,115702,34,204333309818
0,115702,34,204333309818
0,115702,34,204333309818
0,115702,34,204333309818
0,115702,34,204333309818
0,115702,34,204333321405
0,115702,34,204333321405
0,115703,34,204333321405
0,115703,34,204333321405
0,115703,34,204333321405
0,115703,34,204333321405
0,115703,35,204333321405
0,115703,35,204333321405
0,115703,35,204333321405
0,115703,35,204333321405
0,115703,35,204333321405
0,115703,35,204333321405
0,115703,35,204333332946
0,115703,35,204333332946
0,115703,35,204333332946
0,115689,35,204333332946
0,115689,35,204333332946
0,115689,35,204333332946
0,115689,35,204333332946
0,115689,34,204333332946
0,115689,34,204333332946
0,115689,34,204333332946
0,115689,34,204333332946
0,115689,34,204333332946
0,115689,34,204333344333
0,115689,34,204333344333
0,115483,34,204333344333
0,115483,34,204333344333
0,115483,34,204333344333
0,115483,34,204333344333
0,115483,34,204333344333
0,115483,34,204333344333
0,115483,35,204333344333
0,115483,35,204333344333
0,115483,35,204333344333
0,115483,35,204333344333
0,115483,35,204333356075
0,115483,35,204333356075
0,115483,35,204333356075
0,115483,35,204333356075
0,115483,35,204333356075
0,115703,35,204333356075
0,115703,35,204333356075
0,115703,35,204333356075
0,115703,35,204333356075
0,115703,35,204333356075
0,115703,35,204333356075
0,115703,35,204333356075
0,115703,35,204333356075
0,115703,35,204333367735
0,115703,35,204333367735
0,115703,35,204333367735
0,115703,35,204333367735
0,115703,35,204333367735
0,115703,35,204333367735
0,115690,35,204333367735
0,115690,35,204333367735
0,115690,35,204333367735
0,115690,35,204333367735
0,115690,35,204333367735
0,115690,35,204333367735
0,115690,35,204333367735
0,115690,35,204333367735
0,115690,35,204333379254
0,115690,35,204333379254
0,115690,35,204333379254
0,115690,35,204333379254
0,115684,35,204333379254
0,115684,35,204333379254
0,115684,35,204333379254
0,115684,35,204333379254
0,115684,35,204333379254
0,115684,35,204333379254
0,115684,35,204333379254
0,115684,35,204333390784
0,115684,35,204333390784
0,115684,35,204333390784
0,115684,35,204333390784
0,115684,35,204333390784
0,115684,35,204333390784
0,115672,35,204333390784
0,115672,35,204333390784
0,115672,35,204333390784
0,115672,35,204333390784
0,115672,35,204333390784
0,115672,35,204333390784
0,115672,34,204333402119
0,115672,34,204333402119
0,115672,34,204333402119
0,115672,34,204333402119
0,115672,34,204333402119
0,115672,34,204333402119
0,115672,34,204333402119
0,115672,34,204333402119
0,115569,34,204333402119
0,115569,34,204333402119
0,115569,34,204333402119
0,115569,34,204333402119
0,115569,34,204333402119
0,115569,34,204333413718
0,115569,35,204333413718
0,115569,35,204333413718
0,115569,35,204333413718
0,115569,35,204333413718
0,115569,35,204333413718
0,115684,35,204333413718
0,115684,35,204333413718
0,115684,35,204333413718
0,115684,35,204333413718
0,115684,35,204333413718
0,115684,35,204333425361
0,115684,35,204333425361
0,115684,34,204333425361
0,115684,34,204333425361
0,115684,34,204333425361
0,115684,34,204333425361
0,115684,34,204333425361
0,115684,34,204333425361
0,115683,34,204333425361
0,115683,34,204333425361
0,115683,34,204333436879
0,115683,35,204333436879
0,115683,35,204333436879
0,115683,35,204333436879
0,115683,35,204333436879
0,115683,35,204333436879
0,115683,35,204333436879
0,115683,35,204333436879
0,115678,35,204333436879
0,115678,35,204333436879
0,115678,35,204333436879
0,115678,35,204333436879
0,115678,35,204333448486
0,115678,34,204333448486
0,115678,34,204333448486
0,115678,34,204333448486
0,115678,34,204333448486
0,115678,34,204333448486
0,115678,34,204333448486
0,115678,34,204333448486
0,115678,34,204333448486
0,115702,34,204333448486
0,115702,34,204333448486
0,115702,34,204333448486
0,115702,34,204333459883
0,115702,34,204333459883
0,115702,35,204333459883
0,115702,35,204333459883
0,115702,35,204333459883
0,115702,35,204333459883
0,115702,35,204333459883
0,115702,35,204333459883
0,115702,35,204333459883
0,115702,35,204333459883
0,115702,35,204333459883
0,115671,35,204333459883
0,115671,35,204333459883
0,115671,35,204333471396
0,115671,35,204333471396
0,115671,35,204333471396
0,115671,35,204333471396
0,115671,35,204333471396
0,115671,35,204333471396
0,115671,35,204333471396
0,115671,35,204333471396
0,115671,35,204333471396
0,115636,35,204333471396
0,115636,35,204333471396
0,115636,35,204333483132
0,115636,35,204333483132
0,115636,35,204333483132
0,115636,35,204333483132
0,115636,35,204333483132
0,115636,35,204333483132
0,115636,35,204333483132
0,115636,35,204333483132
0,115636,35,204333483132
0,115636,35,204333483132
0,115636,35,204333483132
0,115670,35,204333494641
0,115670,35,204333494641
0,115670,35,204333494641
0,115670,35,204333494641
0,115670,35,204333494641
0,115670,35,204333494641
0,115670,35,204333494641
0,115670,35,204333494641
0,115670,35,204333494641
0,115670,35,204333494641
0,115670,35,204333494641
0,115670,35,204333494641
0,115668,35,204333506145
0,115668,35,204333506145
0,115668,35,204333506145
0,115668,35,204333506145
0,115668,35,204333506145
0,115668,35,204333506145
0,115668,35,204333506145
0,115668,35,204333506145
0,115668,35,204333506145
0,115668,35,204333506145
0,115663,35,204333506145
0,115663,35,204333517651
0,115663,35,204333517651
0,115663,35,204333517651
0,115663,35,204333517651
0,115663,35,204333517651
0,115663,35,204333517651
0,115663,35,204333517651
0,115663,35,204333517651
0,115663,35,204333517651
0,115663,35,204333517651
0,115663,35,204333517651
0,115663,35,204333517651
0,115639,35,204333517651
0,115639,35,204333529152
0,115639,35,204333529152
0,115639,35,204333529152
0,115639,34,204333529152
0,115639,34,204333529152
0,115639,34,204333529152
0,115639,34,204333529152
0,115639,34,204333529152
0,115639,34,204333529152
0,115639,34,204333529152
0,115639,34,204333529152
0,115639,34,204333529152
0,115616,34,204333540872
0,115616,34,204333540872
0,115616,35,204333540872
0,115616,35,204333540872
0,115616,35,204333540872
0,115616,35,204333540872
0,115616,35,204333540872
0,115616,35,204333540872
0,115616,35,204333540872
0,115616,35,204333540872
0,115616,35,204333540872
0,115616,35,204333540872
0,115656,35,204333552400
0,115656,35,204333552400
0,115656,35,204333552400
0,115656,35,204333552400
0,115656,35,204333552400
0,115656,35,204333552400
0,115656,35,204333552400
0,115656,35,204333552400
0,115656,35,204333552400
0,115656,35,204333552400
0,115656,35,204333552400
0,115656,35,204333552400
0,115656,35,204333563913
0,115639,35,204333563913
0,115639,35,204333563913
0,115639,35,204333563913
0,115639,35,204333563913
0,115639,35,204333563913
0,115639,35,204333563913
0,115639,35,204333563913
0,115639,35,204333563913
0,115639,35,204333563913
0,115639,35,204333563913
0,115639,35,204333563913
0,115650,35,204333575417
0,115650,35,204333575417
0,115650,35,204333575417
0,115650,35,204333575417
0,115650,35,204333575417
0,115650,35,204333575417
0,115650,35,204333575417
0,115650,35,204333575417
0,115650,35,204333575417
0,115650,35,204333575417
0,115650,35,204333575417
0,115650,35,204333575417
0,115650,35,204333575417
0,115650,35,204333586927
0,115638,35,204333586927
0,115638,35,204333586927
0,115638,35,204333586927
0,115638,35,204333586927
0,115638,35,204333586927
0,115638,35,204333586927
0,115638,35,204333586927
0,115638,35,204333586927
0,115638,35,204333586927
0,115638,35,204333586927
0,115638,35,204333586927
0,115638,35,204333586927
0,115638,35,204333598440
0,115476,35,204333598440
0,115476,35,204333598440
0,115476,35,204333598440
0,115476,35,204333598440
0,115476,35,204333598440
0,115476,35,204333598440
0,115476,35,204333598440
0,115476,35,204333598440
0,115476,35,204333598440
0,115476,35,204333598440
0,115476,35,204333598440
0,115476,35,204333598440
0,115476,35,204333598440
0,115476,35,204333598440
0,115476,35,204333598440
0,115476,35,204333598440
0,115476,35,204333598440
0,115476,35,204333598440
0,115476,35,204333598440
0,115476,35,204333598440
0,115476,35,204333610040
0,115476,35,204333610040
0,115476,35,204333610040
0,115687,35,204332674594
0,115687,34,204332674594
0,115687,34,204332674594
0,115687,34,204332674594
0,115687,34,204332674594
0,115687,34,204332674594
0,115687,34,204332674594
0,115687,34,204332674594
0,115687,34,204332674594
0,115687,34,204332686100
0,115681,34,204332686100
0,115681,34,204332686100
0,115681,34,204332686100
0,115681,34,204332686100
0,115681,34,204332686100
0,115681,34,204332686100
0,115681,35,204332686100
0,115681,35,204332686100
0,115681,35,204332686100
0,115681,35,204332686100
0,115681,35,204332686100
0,115681,35,204332686100
0,115681,35,204332697609
0,115681,35,204332697609
0,115681,35,204332697609
0,115675,35,204332697609
0,115675,35,204332697609
0,115675,35,204332697609
0,115675,35,204332697609
0,115675,35,204332697609
0,115675,34,204332697609
0,115675,34,204332697609
0,115675,34,204332697609
0,115675,34,204332697609
0,115675,34,204332697609
0,115675,34,204332709103
0,115675,34,204332709103
0,115672,34,204332709103
0,115672,34,204332709103
0,115672,34,204332709103
0,115672,34,204332709103
0,115672,34,204332709103
0,115672,34,204332709103
0,115672,34,204332709103
0,115672,34,204332709103
0,115672,34,204332709103
0,115672,34,204332709103
0,115672,34,204332709103
0,115672,34,204332720737
0,115672,34,204332720737
0,115672,34,204332720737
0,115524,34,204332720737
0,115524,34,204332720737
0,115524,34,204332720737
0,115524,34,204332720737
0,115524,35,204332720737
0,115524,35,204332720737
0,115524,35,204332720737
0,115524,35,204332720737
0,115524,35,204332720737
0,115524,35,204332732365
0,115524,35,204332732365
0,115524,35,204332732365
0,115524,35,204332732365
0,115524,35,204332732365
0,115695,35,204332732365
0,115695,35,204332732365
0,115695,35,204332732365
0,115695,35,204332732365
0,115695,35,204332732365
0,115695,35,204332732365
0,115695,35,204332732365
0,115695,35,204332744025
0,115695,35,204332744025
0,115695,35,204332744025
0,115695,35,204332744025
0,115695,35,204332744025
0,115692,35,204332744025
0,115692,35,204332744025
0,115692,35,204332744025
0,115692,35,204332744025
0,115692,35,204332744025
0,115692,35,204332744025
0,115692,35,204332744025
0,115692,35,204332755498
0,115692,35,204332755498
0,115692,35,204332755498
0,115692,35,204332755498
0,115692,35,204332755498
0,115692,35,204332755498
0,115703,35,204332755498
0,115703,35,204332755498
0,115703,35,204332755498
0,115703,35,204332755498
0,115703,35,204332755498
0,115703,35,204332755498
0,115703,34,204332755498
0,115703,34,204332766879
0,115703,34,204332766879
0,115703,34,204332766879
0,115703,34,204332766879
0,115703,34,204332766879
0,115703,34,204332766879
0,115703,34,204332766879
0,115679,34,204332766879
0,115679,34,204332766879
0,115679,34,204332766879
0,115679,34,204332766879
0,115679,34,204332766879
0,115679,34,204332778376
0,115679,34,204332778376
0,115679,34,204332778376
0,115679,34,204332778376
0,115679,34,204332778376
0,115679,34,204332778376
0,115499,34,204332778376
0,115499,34,204332778376
0,115499,34,204332778376
0,115499,34,204332790092
0,115499,35,204332790092
0,115499,35,204332790092
0,115499,35,204332790092
0,115499,35,204332790092
0,115499,35,204332790092
0,115668,35,204332790092
0,115668,35,204332790092
0,115668,35,204332790092
0,115668,35,204332790092
0,115668,35,204332801619
0,115668,35,204332801619
0,115668,35,204332801619
0,115668,35,204332801619
0,115668,35,204332801619
0,115668,35,204332801619
0,115668,35,204332801619
0,115668,35,204332801619
0,115658,35,204332801619
0,115658,35,204332801619
0,115658,35,204332801619
0,115658,35,204332801619
0,115658,35,204332813132
0,115658,35,204332813132
0,115658,35,204332813132
0,115658,35,204332813132
0,115658,35,204332813132
0,115658,35,204332813132
0,115658,35,204332813132
0,115658,35,204332813132
0,115664,35,204332813132
0,115664,35,204332813132
0,115664,35,204332813132
0,115664,35,204332824631
0,115664,34,204332824631
0,115664,34,204332824631
0,115664,34,204332824631
0,115664,34,204332824631
0,115664,34,204332824631
0,115664,34,204332824631
0,115664,34,204332824631
0,115664,34,204332824631
0,115664,34,204332824631
0,115664,34,204332824631
0,115664,34,204332824631
0,115653,34,204332836139
0,115653,34,204332836139
0,115653,34,204332836139
0,115653,34,204332836139
0,115653,34,204332836139
0,115653,34,204332836139
0,115653,34,204332836139
0,115653,34,204332836139
0,115653,34,204332836139
0,115653,34,204332836139
0,115653,34,204332836139
0,115427,34,204332847660
0,115427,34,204332847660
0,115427,34,204332847660
0,115427,35,204332847660
0,115427,35,204332847660
0,115427,35,204332847660
0,115427,35,204332847660
0,115427,35,204332847660
0,115427,35,204332847660
0,115427,35,204332847660
0,115427,35,204332847660
0,115427,35,204332847660
0,115638,35,204332859387
0,115638,35,204332859387
0,115638,35,204332859387
0,115638,35,204332859387
0,115638,35,204332859387
0,115638,35,204332859387
0,115638,35,204332859387
0,115638,35,204332859387
0,115638,35,204332859387
0,115638,35,204332859387
0,115638,35,204332859387
0,115638,35,204332859387
0,115638,35,204332870895
0,115653,35,204332870895
0,115653,35,204332870895
0,115653,35,204332870895
0,115653,35,204332870895
0,115653,35,204332870895
0,115653,35,204332870895
0,115653,35,204332870895
0,115653,35,204332870895
0,115653,35,204332870895
0,115653,35,204332870895
0,115653,35,204332870895
0,115653,35,204332870895
0,115653,35,204332882406
0,115653,35,204332882406
0,115635,35,204332882406
0,115635,35,204332882406
0,115635,35,204332882406
0,115635,35,204332882406
0,115635,35,204332882406
0,115635,35,204332882406
0,115635,35,204332882406
0,115635,35,204332882406
0,115635,35,204332882406
0,115635,35,204332882406
0,115635,35,204332893899
0,115635,35,204332893899
0,115635,35,204332893899
0,115642,35,204332893899
0,115642,35,204332893899
0,115642,35,204332893899
0,115642,35,204332893899
0,115642,35,204332893899
0,115642,35,204332893899
0,115642,35,204332893899
0,115642,35,204332893899
0,115642,35,204332893899
0,115642,35,204332905404
0,115642,35,204332905404
0,115642,35,204332905404
0,115444,35,204332905404
0,115444,35,204332905404
0,115444,35,204332905404
0,115444,35,204332905404
0,115444,35,204332905404
0,115444,35,204332905404
0,115444,35,204332905404
0,115444,35,204332905404
0,115444,35,204332917152
0,115444,35,204332917152
0,115444,35,204332917152
0,115673,35,204332917152
0,115673,35,204332917152
0,115673,35,204332917152
0,115673,35,204332917152
0,30748,33847312,17247271296
0,0,2040,17977015114137600
0,0,3840,6219146491920
0,4185600,4185600,17977015247429887
0,31000,619010,1095586116112
0,0,9,17977015122519295
0,0,3840,268726986
0,4185600,4185600,17977015115055104
0,31000,1341442,285569738
0,0,2811892864,17977015115055104
0,0,3840,17247271296
0,4185600,4185600,14106734386748160
0,31000,1406978,17180160514
0,0,5453,17977015114141440
0,0,3840,21475193346
0,4185600,4185600,17977015114141440
0,31000,31043,6253506361360
0,0,1302830840,17977015247429887
0,0,62914581,1095586247184
0,4185600,4185600,17977015122519295
0,31000,291330,268726986
0,0,4,17977015115055104
0,0,3840,285569738
0,4185600,4185600,17977015115055104
0,31000,33978384,17280956800
0,0,1612,14106734386745600
0,0,133292287,131323020736534
0,4185600,4185600,17977015114137855
0,31000,369586704,130910603212822
0,0,255,17977015114137855
0,0,8381695,17180160514
0,4185600,4185600,17977015114141440
0,31000,268726986,21475193346
0,0,0,17977015114141440
0,0,917504,6150427146256
0,4185600,4185600,17977015247429887
0,31000,285569738,1095586247184
0,0,0,17977015122519295
0,0,917504,268726986
0,4185600,4185600,17977015115055104
0,31000,100694405,285569738
0,0,4,17977015115055104
0,0,202381572,17280563589
0,4185600,3399168,14599315595991812
0,31000,555335,92427696240662
0,0,0,17977015114137855
0,0,58720256,6184786753552
0,4185600,4185600,17977015247429887
0,33847312,31000,1095586116112
0,2060,0,17977015122519295
0,133292287,0,129957120669718
0,4185600,4185600,17977015114137603
0,369455632,31000,268726986
0,255,0,17977015115055104
0,8381695,0,285569738
0,4185600,4185600,17977015115055104
0,268726986,33847312,12952041861
0,0,1600,14599315595989252
0,917504,133292287,339307491842
0,4185600,4185600,17977015114141440
0,285569738,369455632,29186
0,0,255,17977015114141440
0,917504,8381695,330717557250
0,4185600,4185600,17977015114141440
0,67402112,268726986,335012459010
0,4,0,17977015114141440
0,202381568,917504,326422524418
0,3284480,4185600,17977015114141440
0,291330,285569738,6189081720848
0,4,0,17977015247429887
0,3840,917504,1095586116112
0,4185600,4185600,17977015122519295
0,291330,67402112,29186
0,4,4,17977015114141440
0,3840,202382080,268726986
0,4185600,3284480,17977015115055104
0,291330,33978384,285569738
0,4,1608,17977015115055104
0,3840,133292287,67139973
0,4185600,4185600,14599315595989252
0,291330,369586704,31047
0,4,255,17977015172857856
0,3840,8381695,18446744070694336528
0,4185600,4185600,17977015248347391
0,291330,268726986,304947360258
0,4,0,17977015114141440
0,3840,917504,4294998018
0,4185600,4185600,17977015114141440
0,4616706,285569738,330712707586
0,4,0,17977015114141440
0,3840,917504,6201966622736
0,4185600,4185600,17977015247429887
0,555335,101087616,1095586116112
0,0,4,17977015122519295
0,58720256,202379520,268726986
0,4185600,3284480,17977015115055104
0,31000,100694038,285569738
0,0,30576,17977015115055104
0,0,255,12952041861
0,4185600,4185600,14599315595991300
0,31000,30742,6150427015184
0,0,30480,17977015247429887
0,0,255,1095586116112
0,4185600,4185600,17977015122519295
0,33847312,33978384,268726986
0,2088,1612,17977015115055104
0,133292287,133292287,285569738
0,4185600,4185600,17977015115055104
0,369455632,369586704,17247271296
0,255,255,14106734386748160
0,8381695,8381695,6189081851920
0,4185600,4185600,17977015247429887
0,268726986,268726986,1095586247184
0,0,0,17977015122519295
0,917504,917504,268726986
0,4185600,4185600,17977015115055104
0,285569738,285569738,285569738
0,0,0,17977015115055104
0,917504,917504,17280956800
0,4185600,4185600,14106734386745600
0,67402112,100891008,131323020933142
0,4,4,17977015114137855
0,202382080,202381568,130910653741078
0,3284480,3284480,17977015114137855
0,33978384,291330,17180160514
0,2096,4,17977015114141440
0,133292287,3840,21475193346
0,4185600,4185600,17977015114141440
0,369586704,356866,6081707669520
0,255,5,17977015247429887
0,8381695,3840,1095586247184
0,4185600,4185600,17977015122519295
0,268726986,33978384,268726986
0,0,1576,17977015115055104
0,917504,133292287,285569738
0,4185600,4185600,17977015115055104
0,285569738,369586704,17280563589
0,0,255,14599315595991812
0,917504,8381695,6201969309712
0,4185600,4185600,17977015247429887
0,101087616,268726986,1095588803088
0,4,0,17977015122519295
0,202379520,917504,193276506626
0,3284480,4185600,17977015114141440
0,100694038,285569738,197571539458
0,30576,0,17977015114141440
0,255,917504,29186
0,4185600,4185600,17977015114141440
0,30742,100694405,12885127682
0,30480,4,17977015114141440
0,255,202382084,193276506626
0,4185600,3399168,17977015114141440
0,291330,33847312,197571539458
0,4,1584,17977015114141440
0,3840,133292287,6116067276816
0,4185600,4185600,17977015247429887
0,356866,369455632,1095586116112
0,5,255,17977015122519295
0,3840,8381695,12885127682
0,4185600,4185600,17977015114141440
0,33978384,29186,268726986
0,1696,0,17977015115055104
0,133292287,3840,285569738
0,4185600,4185600,17977015115055104
0,369586704,268726986,12952041861
0,255,0,14599315595989252
0,8381695,917504,304945590786
0,4185600,4185600,17977015114141440
0,268726986,285569738,188981473794
0,0,0,17977015114141440
0,917504,917504,6120362244112
0,4185600,4185600,17977015247429887
0,285569738,67139973,1095586116112
0,0,0,17977015122519295
0,917504,202379524,129811091781654
0,4185600,3399168,17977015114137603
0,100694405,225794,268726986
0,4,3,17977015115055104
0,202382084,3840,285569738
0,3399168,4185600,17977015115055104
0,33847312,33847312,12952041861
0,1704,1588,14599315595989252
0,133292287,133292287,31047
0,4185600,4185600,17977015172857856
0,369455632,369455632,6081707538448
0,255,255,17977015247429887
0,8381695,8381695,1095586116112
0,4185600,4185600,17977015122519295
0,29186,268726986,268726986
0,0,0,17977015115055104
0,3840,917504,285569738
0,4185600,4185600,17977015115055104
0,268726986,285569738,17247271296
0,0,0,14106734386748160
0,917504,917504,193273950722
0,4185600,4185600,17977015114141440
0,285569738,67139973,197568983554
0,0,3,17977015114141440
0,917504,202381572,268726986
0,4185600,3399168,17977015115055104
0,67139973,6124034,285569738
0,0,92,17977015115055104
0,202379524,3840,17280760192
0,3399168,4185600,14106734386747648
0,29186,6124034,6116067407888
0,70,93,17977015247429887
0,3840,3840,1095586247184
0,4185600,4185600,17977015122519295
0,33847312,33847312,268726986
0,1708,1592,17977015115055104
0,133292287,133292287,285569738
0,4185600,4185600,17977015115055104
0,369455632,369455632,17280956800
0,255,255,14106734386745600
0,8381695,8381695,131323021129750
0,4185600,4185600,17977015114137855
0,268726986,268726986,130910704400406
0,0,0,17977015114137855
0,917504,917504,17180160514
0,4185600,4185600,17977015114141440
0,285569738,285569738,21475193346
0,0,0,17977015114141440
0,917504,917504,6012988192784
0,4185600,4185600,17977015247429887
0,67139973,67139973,1095586247184
0,0,0,17977015122519295
0,202381572,202379524,268726986
0,3399168,3399168,17977015115055104
0,4682242,31047,285569738
0,36,0,17977015115055104
0,3840,58720256,17280563589
0,4185600,4185600,14599315595991812
0,4682242,33847312,12885127682
0,71,1576,17977015114141440
0,3840,133292287,34360291842
0,4185600,4185600,17977015114141440
0,31047,369455632,12888011266
0,0,255,17977015114141440
0,58720256,8381695,6047347800080
0,4185600,4185600,17977015247429887
0,33847312,268726986,1095586116112
0,1696,0,17977015122519295
0,133292287,917504,34360291842
0,4185600,4185600,17977015114141440
0,369455632,285569738,268726986
0,255,0,17977015115055104
0,8381695,917504,285569738
0,4185600,4185600,17977015115055104
0,268726986,67402112,34426878341
0,0,4,14599315595989252
0,917504,202382080,188981998082
0,4185600,3284480,17977015114141440
0,285569738,291330,223341736450
0,0,4,17977015114141440
0,917504,3840,29186
0,4185600,4185600,17977015114141440
0,67402112,356866,3502594
0,4,5,17977015114141440
0,202382080,3840,6051642767376
0,3284480,4185600,17977015247429887
0,29186,268726986,1095586116112
0,4,0,17977015122519295
0,3840,917504,268726986
0,4185600,4185600,17977015115055104
0,356866,285569738,285569738
0,5,0,17977015115055104
0,3840,917504,67139973
0,4185600,4185600,14599315595989252
0,292880,67402112,31047
0,16,4,17977015172857856
0,133292287,202382080,555335
0,4185600,3284480,17977015172857856
0,84242960,29186,31000
0,255,4,17977015114137600
0,8381695,3840,31000
0,4185600,4185600,17977015114137600
0,268726986,356866,6012988061712
0,0,5,17977015247429887
0,917504,3840,1095586116112
0,4185600,4185600,17977015122519295
0,285569738,292880,268726986
0,0,8,17977015115055104
0,917504,133292287,285569738
0,4185600,4185600,17977015115055104
0,67402112,84242960,17247271296
0,4,255,14106734386748160
0,202381568,8381695,6047347931152
0,3284480,4185600,17977015247429887
0,67138060,67401744,1095586247184
0,255,20,17977015122519295
0,66069104,133292287,268726986
0,4185600,4185600,17977015115055104
0,30748,84242960,285569738
0,0,255,17977015115055104
0,7397744,8381695,17280956800
0,4185600,4185600,14106734386745600
0,424261,268726986,131323020736534
0,768,0,17977015114137855
0,58720256,917504,130910603212822
0,4185600,4185600,17977015114137855
0,12060999,285569738,17180160514
0,0,0,17977015114141440
0,58720256,917504,21475193346
0,4185600,4185600,17977015114141440
0,31047,67402112,5909908977680
0,0,4,17977015247429887
0,58720256,202381568,1095586247184
0,4185600,3284480,17977015122519295
0,33847312,29186,268726986
0,1696,4,17977015115055104
0,133292287,3840,285569738
0,4185600,4185600,17977015115055104
0,369455632,33847312,17280563589
0,255,1596,14599315595991812
0,8381695,133292287,201863688706
0,4185600,4185600,17977015114141440
0,268726986,369455632,5944268584976
0,0,255,17977015247429887
0,917504,8381695,1095586116112
0,4185600,4185600,17977015122519295
0,285569738,268726986,268726986
0,0,0,17977015115055104
0,917504,917504,285569738
0,4185600,4185600,17977015115055104
0,67402112,285569738,12952041861
0,4,0,14599315595991300
0,202382080,917504,5961448454160
0,3284480,4185600,17977015247429887
0,291330,67139973,1095586116112
0,4,0,17977015122519295
0,3840,202381572,29186
0,4185600,3399168,17977015114141440
0,356866,33847312,268726986
0,5,1584,17977015115055104
0,3840,133292287,285569738
0,4185600,4185600,17977015115055104
0,268726986,369455632,67139973
0,0,255,14599315595989252
0,917504,8381695,223341867522
0,4185600,4185600,17977015114141440
0,285569738,33978384,231931802114
0,0,1588,17977015114141440
0,917504,133292287,227636900354
0,4185600,4185600,17977015114141440
0,67402112,369586704,236226834946
0,4,255,17977015114141440
0,202382080,8381695,31047
0,3284480,4185600,17977015172857856
0,225794,34109456,5944268584976
0,4,1596,17977015247429887
0,3840,133292287,1095586116112
0,4185600,4185600,17977015122519295
0,422402,369717776,268726986
0,5,255,17977015115055104
0,3840,8381695,285569738
0,4185600,4185600,17977015115055104
0,50558992,291330,17247271296
0,8,4,14106734386747648
0,133292287,3840,17180160514
0,4185600,4185600,17977015114141440
0,101085712,356866,17179898370
0,255,5,17977015114141440
0,8381695,3840,5909908846608
0,4185600,4185600,17977015247429887
0,33847312,422402,1095586116112
0,1696,6,17977015122519295
0,133292287,3840,268726986
0,4185600,4185600,17977015115055104
0,369455632,487938,285569738
0,255,7,17977015115055104
0,8381695,3840,17247271296
0,4185600,4185600,14106734386748160
0,268726986,553474,17180094978
0,0,8,17977015114141440
0,917504,3840,21475193346
0,4185600,4185600,17977015114141440
0,285569738,619010,34410362896
0,0,9,17977015247429887
0,917504,3840,1095300903440
0,4185600,4185600,17977015122519295
0,67402112,1341442,268726986
0,4,2811894352,17977015115055104
0,202382080,3840,285569738
0,3284480,4185600,17977015115055104
0,29186,1406978,17247205760
0,4,5453,14106734386747648
0,3840,3840,29186
0,4185600,4185600,17977015114141440
0,356866,31043,5858369239056
0,5,1302830840,17977015247429887
0,3840,62914581,1095586116112
0,4185600,4185600,17977015122519295
0,292880,291330,268726986
0,12,4,17977015115055104
0,133292287,3840,285569738
0,4185600,4185600,17977015115055104
0,84242960,33978384,67139973
0,255,1588,14599315595991300
0,8381695,133292287,236223492610
0,4185600,4185600,17977015114141440
0,268726986,369586704,12885127682
0,0,255,17977015114141440
0,917504,8381695,17180291586
0,4185600,4185600,17977015114141440
0,285569738,268726986,231928525314
0,0,0,17977015114141440
0,917504,917504,17180357122
0,4185600,4185600,17977015114141440
0,67402112,285569738,12885127682
0,4,0,17977015114141440
0,202381568,917504,12885127682
0,3284480,4185600,17977015114141440
0,291330,100694405,31047
0,4,4,17977015172857856
0,3840,202381572,4295260162
0,4185600,3399168,17977015114141440
0,4278548505,555335,17180422658
0,31,0,17977015114141440
0,70660,58720256,17180488194
0,4185600,4185600,17977015114141440
0,29186,31000,34360291842
0,4,0,17977015114141440
0,3840,0,5875549108240
0,4185600,4185600,17977015247429887
0,291330,31000,1095586116112
0,0,0,17977015122519295
0,3840,0,17180160514
0,4185600,4185600,17977015114141440
0,356866,33847312,21475193346
0,5,1576,17977015114141440
0,3840,133292287,17181209090
0,4185600,4185600,17977015114141440
0,67467289,369455632,21476241922
0,2,255,17977015114141440
0,66053,8381695,5858369239056
0,4185600,4185600,17977015247429887
0,67401753,268726986,1095586116112
0,2,0,17977015122519295
0,1791,917504,17180160514
0,4185600,4185600,17977015114141440
0,50622992,285569738,21475193346
0,4,0,17977015114141440
0,133292287,917504,17181995522
0,4185600,4185600,17977015114141440
0,101020176,67402112,21477028354
0,5,4,17977015114141440
0,8381695,202382080,137439244802
0,4185600,3284480,17977015114141440
0,33978384,33978384,141734277634
0,1708,1584,17977015114141440
0,133292287,133292287,268726986
0,4185600,4185600,17977015115055104
0,369586704,369586704,285569738
0,255,255,17977015115055104
0,8381695,8381695,17247271296
0,4185600,4185600,14106734386747648
0,291330,268726986,17180160514
0,4,0,17977015114141440
0,3840,917504,17180160514
0,4185600,4185600,17977015114141440
0,356866,285569738,25770160642
0,5,0,17977015114141440
0,3840,917504,21475193346
0,4185600,4185600,17977015114141440
0,422402,101087616,30065259010
0,6,4,17977015114141440
0,3840,202379520,30065455618
0,4185600,3284480,17977015114141440
0,487938,100694038,12885127682
0,7,30576,17977015114141440
0,3840,255,12885914114
0,4185600,4185600,17977015114141440
0,1341442,30742,31047
0,2811886704,30480,17977015172857856
0,3840,255,17180750338
0,4185600,4185600,17977015114141440
0,1406978,33978384,21475652098
0,5453,1588,17977015114141440
0,3840,133292287,42950423042
0,4185600,4185600,17977015114141440
0,4225347,369586704,64425521666
0,1302830816,255,17977015114141440
0,62914581,8381695,274877937989
0,4185600,4185600,17977015172857856
0,31047,268726986,252212040
0,0,0,17977015177052160
0,58720256,917504,576460804062081929
0,4185600,4185600,14106734185152523
0,424257,285569738,31003
0,0,0,17977015172857856
0,58720256,917504,31041
0,4185600,4185600,17977015172857856
0,31047,100891008,60130488834
0,0,4,17977015114141440
0,58720256,202381568,60131340802
0,4185600,3284480,17977015114141440
0,31048,291330,115964408322
0,0,4,17977015114141440
0,58720256,3840,17180160514
0,4185600,4185600,17977015114141440
0,31517,356866,17180160514
0,0,5,17977015114141440
0,65536,3840,17180553730
0,3399168,4185600,17977015114141440
0,33847312,33978384,85899637250
0,1696,1552,17977015114141440
0,133292287,133292287,90194670082
0,4185600,4185600,17977015114141440
0,369455632,369586704,268726986
0,255,255,17977015115055104
0,8381695,8381695,285569738
0,4185600,4185600,17977015115055104
0,268726986,268726986,43016812933
0,0,0,14599315595991300
0,917504,917504,38655324674
0,4185600,4185600,17977015114141440
0,285569738,285569738,38655324674
0,0,0,17977015114141440
0,917504,917504,38656569858
0,4185600,4185600,17977015114141440
0,67402112,100694405,120260948482
0,4,4,17977015114141440
0,202382080,202382084,4741643925829
0,3284480,3399168,17977015172857856
0,29186,33847312,31047
0,4,1560,17977015172857856
0,3840,133292287,120259375618
0,4185600,4185600,17977015114141440
0,356866,369455632,17180488194
0,5,255,17977015114141440
0,3840,8381695,4445992972
0,4185600,4185600,17977015180202608
0,292880,29186,30748
0,8,0,17977015121535344
0,133292287,3840,16255303
0,4185600,4185600,17977015172857856
0,84242960,268726986,31047
0,255,0,17977015172857856
0,8381695,917504,38654996994
0,4185600,4185600,17977015114141440
0,268726986,285569738,137422534681
0,0,0,17977015114208260
0,917504,917504,17180619266
0,4185600,4185600,17977015114141440
0,285569738,67139973,47244931586
0,0,0,17977015114141440
0,917504,202379524,21475193346
0,4185600,3399168,17977015114141440
0,67402112,225794,8657401881
0,4,3,17977015114203653
0,202381568,3840,8657336345
0,3284480,4185600,17977015114139391
0,67138060,33847312,17717031440
0,255,1564,17977015247429887
0,66069104,133292287,22028841488
0,4185600,4185600,17977015122519295
0,30748,369455632,17180160514
0,0,255,17977015114141440
0,7397744,8381695,21475193346
0,4185600,4185600,17977015114141440
0,424261,268726986,17180160514
0,11536,0,17977015114141440
0,58720256,917504,21475193346
0,4185600,4185600,17977015114141440
0,3934535,285569738,268726986
0,44,0,17977015115055104
0,58720256,917504,285569738
0,4185600,4185600,17977015115055104
0,31047,67139973,17247271296
0,0,3,14106734386747648
0,58720256,202381572,17180160514
0,4185600,3399168,17977015114141440
0,33847312,6189570,17180160514
0,1696,93,17977015114141440
0,133292287,3840,25770160642
0,4185600,4185600,17977015114141440
0,369455632,6189570,21475193346
0,255,94,17977015114141440
0,8381695,3840,30065259010
0,4185600,4185600,17977015114141440
0,268726986,33847312,30065521154
0,0,1568,17977015114141440
0,917504,133292287,12885127682
0,4185600,4185600,17977015114141440
0,285569738,369455632,12885914114
0,0,255,17977015114141440
0,917504,8381695,31047
0,4185600,4185600,17977015172857856
0,67402112,268726986,17180750338
0,4,0,17977015114141440
0,202382080,917504,21475652098
0,3284480,4185600,17977015114141440
0,33978384,285569738,47245390338
0,1704,0,17977015114141440
0,133292287,917504,64425521666
0,4185600,4185600,17977015114141440
0,369586704,67139973,274878003525
0,255,0,17977015172857856
0,8381695,202379524,252212040
0,4185600,3399168,17977015177052160
0,268726986,31047,576460804062081929
0,0,0,14106734185152523
0,917504,58720256,31003
0,4185600,4185600,17977015172857856
0,285569738,33847312,96577
0,0,1552,17977015172857856
0,917504,133292287,60130488834
0,4185600,4185600,17977015114141440
0,101087616,369455632,60131471874
0,4,255,17977015114141440
0,202379520,8381695,124554342914
0,3284480,4185600,17977015114141440
0,100694038,268726986,17180160514
0,30576,0,17977015114141440
0,255,917504,17180160514
0,4185600,4185600,17977015114141440
0,30742,285569738,17181864450
0,30480,0,17977015114141440
0,255,917504,38654996994
0,4185600,4185600,17977015114141440
0,33978384,67402112,137422534681
0,1708,4,17977015114208260
0,133292287,202382080,17180619266
0,4185600,3284480,17977015114141440
0,369586704,291330,47244931586
0,255,4,17977015114141440
0,8381695,3840,21475193346
0,4185600,4185600,17977015114141440
0,268726986,356866,8657401881
0,0,5,17977015114203653
0,917504,3840,8657336345
0,4185600,4185600,17977015114139391
0,285569738,268726986,17515704848
0,0,0,17977015247429887
0,917504,917504,21827514896
0,4185600,4185600,17977015122519295
0,100891008,285569738,17180160514
0,4,0,17977015114141440
0,202381568,917504,21475193346
0,3284480,4185600,17977015114141440
0,291330,67402112,17180160514
0,4,4,17977015114141440
0,3840,202382080,21475193346
0,4185600,3284480,17977015114141440
0,356866,29186,268726986
0,5,4,17977015115055104
0,3840,3840,285569738
0,4185600,4185600,17977015115055104
0,33978384,356866,128916158853
0,1672,5,14599315595991300
0,133292287,3840,4446255120
0,4185600,4185600,17977015248347391
0,369586704,292880,17180160514
0,255,8,17977015114141440
0,8381695,133292287,17181733378
0,4185600,4185600,17977015114141440
0,268726986,84242960,120260948482
0,0,255,17977015114141440
0,917504,8381695,18446744039365835079
0,4185600,4185600,17977015173119999
0,285569738,67401744,31041
0,0,24,17977015172857856
0,917504,133292287,5875549108240
0,4185600,4185600,17977015247429887
0,100694405,84242960,1095586116112
0,4,255,17977015122519295
0,202382084,8381695,268726986
0,3399168,4185600,17977015115055104
0,33847312,268726986,285569738
0,1680,0,17977015115055104
0,133292287,917504,17247271296
0,4185600,4185600,14106734386747648
0,369455632,285569738,17180160514
0,255,0,17977015114141440
0,8381695,917504,17180160514
0,4185600,4185600,17977015114141440
0,29186,67402112,17180094978
0,0,4,17977015114141440
0,3840,202381568,5978628323344
0,4185600,3284480,17977015247429887
0,268726986,29186,1095586116112
0,0,4,17977015122519295
0,917504,3840,268726986
0,4185600,4185600,17977015115055104
0,285569738,33847312,285569738
0,0,1572,17977015115055104
0,917504,133292287,12952041861
0,4185600,4185600,14599315595991300
0,67139973,369455632,5909908846608
0,0,255,17977015247429887
0,202379524,8381695,1095586116112
0,3399168,4185600,17977015122519295
0,225794,268726986,268726986
0,3,0,17977015115055104
0,3840,917504,285569738
0,4185600,4185600,17977015115055104
0,33847312,285569738,17247271296
0,1684,0,14106734386748160
0,133292287,917504,17180160514
0,4185600,4185600,17977015114141440
0,369455632,67139973,21475193346
0,255,0,17977015114141440
0,8381695,202381572,268726986
0,4185600,3399168,17977015115055104
0,268726986,33847312,285569738
0,0,1560,17977015115055104
0,917504,133292287,17247271296
0,4185600,4185600,14106734386747648
0,285569738,369455632,18102907408
0,0,255,17977015248347391
0,917504,8381695,231995372044
0,4185600,4185600,17977015180210800
0,67139973,33978384,30748
0,3,1564,17977015121535344
0,202381572,133292287,29186
0,3399168,4185600,17977015114141440
0,5009922,369586704,30748
0,71,255,17977015121539184
0,3840,8381695,3961346
0,4185600,4185600,17977015114141440
0,5009922,34109456,1992865249605
0,76,1572,17977015172857856
0,3840,133292287,7080263
0,4185600,4185600,17977015172857856
0,33847312,369717776,31047
0,1688,255,17977015172857856
0,133292287,8381695,5961448454160
0,4185600,4185600,17977015247429887
0,369455632,291330,1095586116112
0,255,4,17977015122519295
0,8381695,3840,5944268716048
0,4185600,4185600,17977015247429887
0,268726986,356866,1095586247184
0,0,5,17977015122519295
0,917504,3840,5978628585488
0,4185600,4185600,17977015247429887
0,285569738,422402,1095586378256
0,0,6,17977015122519295
0,917504,3840,17180160514
0,4185600,4185600,17977015114141440
0,67139973,487938,21475193346
0,0,7,17977015114141440
0,202379524,3840,25770226178
0,3399168,4185600,17977015114141440
0,31047,553474,30065259010
0,0,8,17977015114141440
0,58720256,3840,34360291842
0,4185600,4185600,17977015114141440
0,33847312,619010,38655324674
0,1672,9,17977015114141440
0,133292287,3840,17180160514
0,4185600,4185600,17977015114141440
0,369455632,1341442,21475193346
0,255,2811895840,17977015114141440
0,8381695,3840,25770226178
0,4185600,4185600,17977015114141440
0,268726986,1406978,30065259010
0,0,5453,17977015114141440
0,917504,3840,34360291842
0,4185600,4185600,17977015114141440
0,285569738,31043,38655324674
0,0,1302830840,17977015114141440
0,917504,62914581,12077065543745828866
0,4185600,4185600,17977015114141440
0,67402112,291330,23420458072066
0,4,4,17977015114141440
0,202382080,3840,5595615850020239683
0,3284480,4185600,17977015177052181
0,291330,33978384,17180160514
0,4,1564,17977015114141440
0,3840,133292287,17180160514
0,4185600,4185600,17977015114141440
0,356866,369586704,17183830530
0,5,255,17977015114141440
0,3840,8381695,257701999106
0,4185600,4185600,17977015114141440
0,268726986,268726986,31047
0,0,0,17977015172857856
0,917504,917504,424257
0,4185600,4185600,17977015172857856
0,285569738,285569738,257700622850
0,0,0,17977015114141440
0,917504,917504,167506309634
0,4185600,4185600,17977015114141440
0,67402112,100694405,555335
0,4,4,17977015172857856
0,202382080,202381572,31000
0,3284480,3399168,17977015114137600
0,29186,555335,31000
0,4,0,17977015114137600
0,3840,58720256,167503753730
0,4185600,4185600,17977015114141440
0,356866,31000,29186
0,5,0,17977015114141440
0,3840,0,29186
0,4185600,4185600,17977015114141440
0,292880,31000,29186
0,8,0,17977015114141440
0,133292287,0,193273819650
0,4185600,4185600,17977015114141440
0,84242960,33847312,197568852482
0,255,1552,17977015114141440
0,8381695,133292287,268726986
0,4185600,4185600,17977015115055104
0,67401744,369455632,285569738
0,4,255,17977015115055104
0,133292287,8381695,67139973
0,4185600,4185600,14599315595991300
0,84242960,268726986,6081707538448
0,255,0,17977015247429887
0,8381695,917504,1095586116112
0,4185600,4185600,17977015122519295
0,268726986,285569738,268726986
0,0,0,17977015115055104
0,917504,917504,285569738
0,4185600,4185600,17977015115055104
0,285569738,67402112,17247271296
0,0,4,14106734386748160
0,917504,202382080,6116067407888
0,4185600,3284480,17977015247429887
0,67402112,33978384,1095586247184
0,4,1560,17977015122519295
0,202381568,133292287,268726986
0,3284480,4185600,17977015115055104
0,29186,369586704,285569738
0,4,255,17977015115055104
0,3840,8381695,17280956800
0,4185600,4185600,14106734386745600
0,33847312,268726986,131323020736534
0,1692,0,17977015114137855
0,133292287,917504,130910603212822
0,4185600,4185600,17977015114137855
0,369455632,285569738,17180160514
0,255,0,17977015114141440
0,8381695,917504,21475193346
0,4185600,4185600,17977015114141440
0,268726986,101087616,5806829762576
0,0,4,17977015247429887
0,917504,202379520,1095586247184
0,4185600,3284480,17977015122519295
0,285569738,100694038,268726986
0,0,30576,17977015115055104
0,917504,255,285569738
0,4185600,4185600,17977015115055104
0,67139973,30742,17280563589
0,0,30480,14599315595991812
0,202381572,255,193277096450
0,3399168,4185600,17977015114141440
0,33847312,33978384,197571998210
0,1680,1564,17977015114141440
0,133292287,133292287,29186
0,4185600,4185600,17977015114141440
0,369455632,369586704,231931802114
0,255,255,17977015114141440
0,8381695,8381695,227636769282
0,4185600,4185600,17977015114141440
0,33978384,268726986,5841189369872
0,1684,0,17977015247429887
0,133292287,917504,1095586116112
0,4185600,4185600,17977015122519295
0,369586704,285569738,29186
0,255,0,17977015114141440
0,8381695,917504,268726986
0,4185600,4185600,17977015115055104
0,34109456,100891008,285569738
0,1692,4,17977015115055104
0,133292287,202381568,67139973
0,4185600,3284480,14599315595989252
0,369717776,291330,188982194690
0,255,4,17977015114141440
0,8381695,3840,236226834946
0,4185600,4185600,17977015114141440
0,291330,356866,5845484337168
0,4,5,17977015247429887
0,3840,3840,1095586116112
0,4185600,4185600,17977015122519295
0,356866,33978384,268726986
0,5,1528,17977015115055104
0,3840,133292287,285569738
0,4185600,4185600,17977015115055104
0,422402,369586704,67139973
0,6,255,14599315595989252
0,3840,8381695,31047
0,4185600,4185600,17977015172857856
0,487938,268726986,5806829631504
0,7,0,17977015247429887
0,3840,917504,1095586116112
0,4185600,4185600,17977015122519295
0,553474,285569738,268726986
0,8,0,17977015115055104
0,3840,917504,285569738
0,4185600,4185600,17977015115055104
0,619010,100694405,17247271296
0,9,4,14106734386748160
0,3840,202382084,231928656386
0,4185600,3399168,17977015114141440
0,1341442,33847312,227633754626
0,2811888400,1536,17977015114141440
0,3840,133292287,268726986
0,4185600,4185600,17977015115055104
0,1406978,369455632,285569738
0,5453,255,17977015115055104
0,3840,8381695,17280563584
0,4185600,4185600,14106734386747648
0,31043,29186,5841189500944
0,1302830840,0,17977015247429887
0,62914581,3840,1095586247184
0,4185600,4185600,17977015122519295
0,291330,268726986,268726986
0,4,0,17977015115055104
0,3840,917504,285569738
0,4185600,4185600,17977015115055104
0,33978384,285569738,17280956800
0,1684,0,14106734386745600
0,133292287,917504,131323020933142
0,4185600,4185600,17977015114137855
0,369586704,67139973,130910653741078
0,255,0,17977015114137855
0,8381695,202379524,17180160514
0,4185600,3399168,17977015114141440
0,268726986,225794,21475193346
0,0,3,17977015114141440
0,917504,3840,5738110285840
0,4185600,4185600,17977015247429887
0,285569738,33847312,1095586247184
0,0,1540,17977015122519295
0,917504,133292287,268726986
0,4185600,4185600,17977015115055104
0,100694405,369455632,285569738
0,4,255,17977015115055104
0,202381572,8381695,17280563589
0,3399168,4185600,14599315595991812
0,555335,268726986,29186
0,0,0,17977015114141440
0,58720256,917504,12885127682
0,4185600,4185600,17977015114141440
0,31000,285569738,3961346
0,0,0,17977015114141440
0,0,917504,5772469893136
0,4185600,4185600,17977015247429887
0,31000,67139973,1095586116112
0,0,3,17977015122519295
0,0,202381572,12885127682
0,4185600,3399168,17977015114141440
0,33847312,6255106,268726986
0,1672,94,17977015115055104
0,133292287,3840,285569738
0,4185600,4185600,17977015115055104
0,369455632,6255106,12952041861
0,255,95,14599315595989252
0,8381695,3840,236227228162
0,4185600,4185600,17977015114141440
0,268726986,33847312,261997031938
0,0,1544,17977015114141440
0,917504,133292287,8589965314
0,4185600,4185600,17977015114141440
0,285569738,369455632,29186
0,0,255,17977015114141440
0,917504,8381695,4092418
0,4185600,4185600,17977015114141440
0,67402112,268726986,5776764860432
0,4,0,17977015247429887
0,202382080,917504,1095586116112
0,3284480,4185600,17977015122519295
0,33978384,285569738,268726986
0,1680,0,17977015115055104
0,133292287,917504,285569738
0,4185600,4185600,17977015115055104
0,369586704,67139973,67139973
0,255,0,14599315595989252
0,8381695,202379524,31047
0,4185600,3399168,17977015172857856
0,268726986,31047,555335
0,0,0,17977015172857856
0,917504,58720256,31000
0,4185600,4185600,17977015114137600
0,285569738,33847312,31000
0,0,1528,17977015114137600
0,917504,133292287,5738110154768
0,4185600,4185600,17977015247429887
0,101087616,369455632,1095586116112
0,4,255,17977015122519295
0,202379520,8381695,268726986
0,3284480,4185600,17977015115055104
0,100694038,268726986,285569738
0,30576,0,17977015115055104
0,255,917504,17247271296
0,4185600,4185600,14106734386748160
0,30742,285569738,5772470024208
0,30480,0,17977015247429887
0,255,917504,1095586247184
0,4185600,4185600,17977015122519295
0,33978384,67402112,268726986
0,1684,4,17977015115055104
0,133292287,202382080,285569738
0,4185600,3284480,17977015115055104
0,369586704,291330,17280956800
0,255,4,14106734386745600
0,8381695,3840,131323020736534
0,4185600,4185600,17977015114137855
0,268726986,356866,130910603212822
0,0,5,17977015114141440
0,34,62914560,21475193346
0,34,4185600,17977015114141440
0,8032,219050889,268726986
0,0,134217740,17977015115055104
0,8016,786443,285569738
0,0,3284480,17977015115055104
0,2465520277,31003,17247271296
0,47,0,14106734386748160
0,2465520277,58720256,17179898370
0,47,4185600,17977015114141440
0,2465520277,96577,21475193346
0,47,0,17977015114141440
0,2465520277,58720256,34360031248
0,47,4185600,17977015247429887
0,2465520277,946690,1095300903440
0,47,14,17977015122519295
0,2465520277,3840,51607009296
0,47,4185600,17977015247429887
0,2465520277,3633666,1095300903440
0,47,14,17977015122519295
0,2465520277,3840,268726986
0,47,4185600,17977015115055104
0,2465520277,291330,285569738
0,47,55,17977015115055104
0,2465520277,3840,17247271296
0,47,4185600,14106734386747648
0,2465520277,291330,17179898370
0,47,4,17977015114141440
0,2465520277,3840,4415260227600
0,47,4185600,17977015247429887
0,2465520277,291330,1095586116112
0,47,4,17977015122519295
0,2465520277,3840,268726986
0,47,4185600,17977015115055104
0,2465520277,3568130,285569738
0,47,4,17977015115055104
0,2465520277,3840,67139973
0,47,4185600,14599315595991300
0,2465520277,291330,4363720620048
0,47,9,17977015247429887
0,2465520277,3840,1095586116112
0,47,4185600,17977015122519295
0,2465520277,4278548505,4380900620304
0,47,31,17977015247429887
0,2465520277,70660,1095586247184
0,47,4185600,17977015122519295
0,2465520277,750082,4415260489744
0,47,4,17977015247429887
0,2465531980,3840,1095586378256
0,47,4185600,17977015122519295
0,2465531980,291330,17180160514
0,47,11,17977015114141440
0,2465531980,3840,21475193346
0,47,4185600,17977015114141440
0,2465531980,356866,25770226178
0,47,5,17977015114141440
0,2465531980,3840,30065259010
0,47,4185600,17977015114141440
0,2465531980,67467289,34360291842
0,47,2,17977015114141440
0,2465531980,66053,38655324674
0,47,4185600,17977015114141440
0,2465531980,67401753,12077196316910057474
0,47,2,17977015114141440
0,2465531980,1791,23420458072066
0,47,4185600,17977015114141440
0,2465531980,335835664,5595615850020239683
0,47,4,17977015177052181
0,2465531980,133292287,17180160514
0,47,4185600,17977015114141440
0,2465531980,352678416,4380900620304
0,47,5,17977015247429887
0,2465531980,8381695,1095586247184
0,47,4185600,17977015122519295
0,2465531980,291330,268726986
0,47,4,17977015115055104
0,2465531980,3840,285569738
0,47,4185600,17977015115055104
0,2465531980,356866,17280563589
0,47,5,14599315595991300
0,2465531980,3840,31047
0,47,4185600,17977015172857856
0,2465531980,291330,424257
0,47,4,17977015172857856
0,2465531980,3840,555335
0,47,4185600,17977015172857856
0,2465531980,356866,31000
0,47,5,17977015114137600
0,2465543290,3840,31000
0,47,4185600,17977015114137600
0,2465543290,268726986,4329360881680
0,47,0,17977015247429887
0,2465543290,917504,1095586116112
0,47,4185600,17977015122519295
0,2465543290,285569738,268726986
0,47,0,17977015115055104
0,2465543290,917504,285569738
0,47,4185600,17977015115055104
0,2465543290,67139973,17247271296
0,47,54,14106734386748160
0,2465543290,202381572,4363720751120
0,47,3399168,17977015247429887
0,2465543290,151287824,1095586247184
0,47,1,17977015122519295
0,2465543290,134209791,268726986
0,47,4185600,17977015115055104
0,2465543290,291330,285569738
0,47,4,17977015115055104
0,2465543290,3840,17280956800
0,47,4185600,14106734386745600
0,2465543290,3961346,131323020736534
0,47,4,17977015114137855
0,2465543290,3840,130910603212822
0,47,4185600,17977015114137855
0,2465543290,3961346,4380900620304
0,47,60,17977015247429887
0,2465543290,3840,1095586247184
0,47,4185600,17977015122519295
0,2465543290,16021831,268726986
0,47,4294967288,17977015115055104
0,2465543290,58982399,285569738
0,47,4185600,17977015115055104
0,2465543290,31041,17280760192
0,47,0,14106734386747648
0,2465543290,58720256,17180160514
0,47,4185600,17977015114141440
0,2465543290,33847312,21475193346
0,47,1240,17977015114141440
0,2465554807,133292287,4226281797648
0,47,4185600,17977015247429887
0,2465554807,369455632,1095586247184
0,47,255,17977015122519295
0,2465554807,8381695,268726986
0,47,4185600,17977015115055104
0,2465554807,268726986,285569738
0,47,0,17977015115055104
0,2465554807,917504,17280563589
0,47,4185600,14599315595991812
0,2465554807,285569738,4260641404944
0,47,0,17977015247429887
0,2465554807,917504,1095586116112
0,47,4185600,17977015122519295
0,2465554807,67402112,29186
0,47,4,17977015114141440
0,2465554807,202381568,268726986
0,47,3284480,17977015115055104
0,2465554807,291330,285569738
0,47,4,17977015115055104
0,2465554807,3840,67139973
0,47,4185600,14599315595989252
0,2465554807,291330,12885127682
0,47,4,17977015114141440
0,2465554807,3840,4277821274128
0,47,4185600,17977015247429887
0,2465554807,225794,1095586116112
0,47,4,17977015122519295
0,2465554807,3840,268726986
0,47,4185600,17977015115055104
0,2465554807,33847312,285569738
0,47,1264,17977015115055104
0,2465554807,133292287,12952041861
0,47,4185600,14599315595991300
0,2465566400,369455632,339308540418
0,47,255,17977015114141440
0,2465566400,8381695,399438082562
0,47,4185600,17977015114141440
0,2465566400,268726986,4295001143312
0,47,0,17977015247429887
0,2465566400,917504,1095586116112
0,47,4185600,17977015122519295
0,2465566400,285569738,268726986
0,47,0,17977015115055104
0,2465566400,917504,285569738
0,47,4185600,17977015115055104
0,2465566400,67139973,67139973
0,47,3,14599315595989252
0,2465566400,202381572,31047
0,47,3399168,17977015172857856
0,2465566400,33847312,551316125708
0,47,1248,17977015180214896
0,2465566400,133292287,30748
0,47,4185600,17977015121535344
0,2465566400,369455632,3435974261061
0,47,255,17977015172857856
0,2465566400,8381695,12585287
0,47,4185600,17977015172857856
0,2465566400,268726986,31047
0,47,0,17977015172857856
0,2465566400,917504,4226281666576
0,47,4185600,17977015247429887
0,2465566400,285569738,1095586116112
0,47,0,17977015122519295
0,2465566400,917504,268726986
0,47,4185600,17977015115055104
0,2465566400,67402112,285569738
0,47,4,17977015115055104
0,2465566400,202382080,17247271296
0,47,3284480,14106734386748160
0,2465566400,291330,17180160514
0,47,4,17977015114141440
0,2465566400,3840,21475193346
0,47,4185600,17977015114141440
0,2465577827,356866,268726986
0,47,5,17977015115055104
0,2465577827,3840,285569738
0,47,4185600,17977015115055104
0,2465577827,268726986,17247271296
0,47,0,14106734386748160
0,2465577827,917504,17179898370
0,47,4185600,17977015114141440
0,2465577827,285569738,21475193346
0,47,0,17977015114141440
0,2465577827,917504,34360031248
0,47,4185600,17977015247429887
0,2465577827,67402112,1095300903440
0,47,4,17977015122519295
0,2465577827,202381568,68786878480
0,47,3284480,17977015247429887
0,2465577827,1443131920,1095300903440
0,47,4,17977015122519295
0,2465577827,134209791,268726986
0,47,4185600,17977015115055104
0,2465577827,67138060,285569738
0,47,85,17977015115055104
0,2465577827,66073200,17247271296
0,47,4185600,14106734386747648
0,2465577827,30748,17179898370
0,47,0,17977015114141440
0,2465577827,7397744,4312181012496
0,47,4185600,17977015247429887
0,2465577827,29186,1095586116112
0,47,0,17977015122519295
0,2465577827,3840,268726986
0,47,4185600,17977015115055104
0,2465577827,30748,285569738
0,47,0,17977015115055104
0,2465577827,7401584,67139973
0,47,4185600,14599315595991300
0,2465577827,5730818,4260641404944
0,47,0,17977015247429887
0,2465577827,3840,1095586116112
0,47,4185600,17977015122519295
0,2465577827,424261,4277821405200
0,47,464,17977015247429887
0,2465589329,58720256,1095586247184
0,47,4185600,17977015122519295
0,2465589329,7080263,4312181274640
0,47,0,17977015247429887
0,2465589329,58720256,1095586378256
0,47,4185600,17977015122519295
0,2465589329,31047,17180160514
0,47,0,17977015114141440
0,2465589329,58720256,21475193346
0,47,4185600,17977015114141440
0,2465589329,33847312,25770226178
0,47,1260,17977015114141440
0,2465589329,133292287,30065259010
0,47,4185600,17977015114141440
0,2465589329,369455632,34360291842
0,47,255,17977015114141440
0,2465589329,8381695,38655324674
0,47,4185600,17977015114141440
0,2465589329,33978384,12077203188857731074
0,47,1256,17977015114141440
0,2465589329,133292287,23420458072066
0,47,4185600,17977015114141440
0,2465589329,369586704,5595615850020239683
0,47,255,17977015177052181
0,2465589329,8381695,17180160514
0,47,4185600,17977015114141440
0,2465589329,34109456,4277821405200
0,47,1264,17977015247429887
0,2465589329,133292287,1095586247184
0,47,4185600,17977015122519295
0,2465589329,369717776,268726986
0,47,255,17977015115055104
0,2465589329,8381695,285569738
0,47,4185600,17977015115055104
0,2465589329,291330,17280563589
0,47,4,14599315595991300
0,2465589329,3840,31047
0,47,4185600,17977015172857856
0,2465589329,356866,424257
0,47,5,17977015172857856
0,2465600919,3840,555335
0,47,4185600,17977015172857856
0,2465600919,422402,31000
0,47,6,17977015114137600
0,2465600919,3840,31000
0,47,4185600,17977015114137600
0,2465600919,487938,4226281666576
0,47,7,17977015247429887
0,2465600919,3840,1095586116112
0,47,4185600,17977015122519295
0,2465600919,553474,268726986
0,47,8,17977015115055104
0,2465600919,3840,285569738
0,47,4185600,17977015115055104
0,2465600919,619010,17247271296
0,47,9,14106734386748160
0,2465600919,3840,4260641536016
0,47,4185600,17977015247429887
0,2465600919,291330,1095586247184
0,47,4,17977015122519295
0,2465600919,3840,268726986
0,47,4185600,17977015115055104
0,2465600919,356866,285569738
0,47,5,17977015115055104
0,2465600919,3840,17280956800
0,47,4185600,14106734386745600
0,2465600919,422402,131323020736534
0,47,6,17977015114137855
0,2465600919,3840,130910603212822
0,47,4185600,17977015114137855
0,2465600919,487938,4277821405200
0,47,7,17977015247429887
0,2465600919,3840,1095586247184
0,47,4185600,17977015122519295
0,2465600919,553474,268726986
0,47,8,17977015115055104
0,2465600919,3840,285569738
0,47,4185600,17977015115055104
0,2465600919,619010,17280760192
0,47,9,14106734386747648
0,2465600919,3840,17180160514
0,47,4185600,17977015114141440
0,2465612426,1341442,21475193346
0,47,2811922176,17977015114141440
0,2465612426,3840,4123202582544
0,47,4185600,17977015247429887
0,2465612426,1406978,1095586247184
0,47,5453,17977015122519295
0,2465612426,3840,268726986
0,47,4185600,17977015115055104
0,2465612426,31043,285569738
0,47,1302830840,17977015115055104
0,2465612426,62914581,17280563589
0,47,4185600,14599315595991812
0,2465612426,291330,4157562189840
0,47,4,17977015247429887
0,2465612426,3840,1095586116112
0,47,4185600,17977015122519295
0,2465612426,291330,29186
0,47,4,17977015114141440
0,2465612426,3840,268726986
0,47,4185600,17977015115055104
0,2465612426,5730818,285569738
0,47,4,17977015115055104
0,2465612426,3840,67139973
0,47,4185600,14599315595989252
0,2465612426,5730818,12885127682
0,47,87,17977015114141440
0,2465612426,3840,4174742059024
0,47,4185600,17977015247429887
0,2465612426,31047,1095586116112
0,47,0,17977015122519295
0,2465612426,58720256,268726986
0,47,4185600,17977015115055104
0,2465612426,424257,285569738
0,47,0,17977015115055104
0,2465612426,58720256,12952041861
0,47,4185600,14599315595991300
0,2465612426,4026882,399438148098
0,47,87,17977015114141440
0,2465612426,3840,403733115394
0,47,4185600,17977015114141440
0,2465612426,4026882,4191921928208
0,47,61,17977015247429887
0,2465624046,3840,1095586116112
0,47,4185600,17977015122519295
0,2465624046,555335,268726986
0,47,0,17977015115055104
0,2465624046,58720256,285569738
0,47,4185600,17977015115055104
0,2465624046,31000,67139973
0,47,0,14599315595989252
0,2465624046,0,31047
0,47,4185600,17977015172857856
0,2465624046,31000,688771856396
0,47,0,17977015180214896
0,2465624046,0,30748
0,47,4185600,17977015121535344
0,2465624046,29186,3435974261061
0,47,61,17977015172857856
0,2465624046,3840,12585287
0,47,4185600,17977015172857856
0,2465624046,29186,31047
0,47,0,17977015172857856
0,2465624046,3840,4123202451472
0,47,4185600,17977015247429887
0,2465624046,29186,1095586116112
0,47,0,17977015122519295
0,2465624046,3840,268726986
0,47,4185600,17977015115055104
0,2465624046,29186,285569738
0,47,0,17977015115055104
0,2465624046,3840,17247271296
0,47,4185600,14106734386748160
0,2465624046,291330,17180160514
0,47,62,17977015114141440
0,2465624046,3840,21475193346
0,47,4185600,17977015114141440
0,2465624046,356866,268726986
0,47,63,17977015115055104
0,2465624046,3840,285569738
0,47,4185600,17977015115055104
0,2465624046,268726986,17247271296
0,47,0,14106734386748160
0,2465635359,917504,17179898370
0,47,4185600,17977015114141440
0,2465635359,285569738,21475193346
0,47,0,17977015114141440
0,2465635359,917504,34360031248
0,47,4185600,17977015247429887
0,2465635359,67139973,1095300903440
0,47,0,17977015122519295
0,2465635359,202381572,85966747664
0,47,3399168,17977015247429887
0,2465635359,33847312,1095300903440
0,47,1288,17977015122519295
0,2465635359,133292287,268726986
0,47,4185600,17977015115055104
0,2465635359,369455632,285569738
0,47,255,17977015115055104
0,2465635359,8381695,17247271296
0,47,4185600,14106734386747648
0,2465635359,268726986,17179898370
0,47,0,17977015114141440
0,2465635359,917504,4209101797392
0,47,4185600,17977015247429887
0,2465635359,285569738,1095586116112
0,47,0,17977015122519295
0,2465635359,917504,268726986
0,47,4185600,17977015115055104
0,2465635359,67402112,285569738
0,47,4,17977015115055104
0,2465635359,202382080,67139973
0,47,3284480,14599315595991300
0,2465635359,33978384,4157562189840
0,47,1296,17977015247429887
0,2465635359,133292287,1095586116112
0,47,4185600,17977015122519295
0,2465635359,369586704,4174742190096
0,47,255,17977015247429887
0,2465635359,8381695,1095586247184
0,47,4185600,17977015122519295
0,2465635359,268726986,4209102059536
0,47,0,17977015247429887
0,2465635359,917504,1095586378256
0,47,4185600,17977015122519295
0,2465646863,285569738,17180160514
0,47,0,17977015114141440
0,2465646863,917504,21475193346
0,47,4185600,17977015114141440
0,2465646863,101087616,25770226178
0,47,4,17977015114141440
0,2465646863,202379520,30065259010
0,47,3284480,17977015114141440
0,2465646863,100694038,34360291842
0,47,30576,17977015114141440
0,2465646863,255,38655324674
0,47,4185600,17977015114141440
0,2465646863,30742,12077210060805404674
0,47,30480,17977015114141440
0,2465646863,255,23420458072066
0,47,4185600,17977015114141440
0,2465646863,291330,5595615850020239683
0,47,4,17977015177052181
0,2465646863,3840,17180160514
0,47,4185600,17977015114141440
0,2465646863,356866,4174742190096
0,47,5,17977015247429887
0,2465646863,3840,1095586247184
0,47,4185600,17977015122519295
0,2465646863,33978384,268726986
0,47,1224,17977015115055104
0,2465646863,133292287,285569738
0,47,4185600,17977015115055104
0,2465646863,369586704,17280563589
0,47,255,14599315595991300
0,2465646863,8381695,31047
0,47,4185600,17977015172857856
0,2465646863,268726986,424257
0,47,0,17977015172857856
0,2465646863,917504,555335
0,47,4185600,17977015172857856
0,2465646863,285569738,31000
0,47,0,17977015114137600
0,2465646863,917504,31000
0,47,4185600,17977015114137600
0,2465646863,100694405,4123202451472
0,47,4,17977015247429887
0,2465658364,202382084,1095586116112
0,47,3399168,17977015122519295
0,2465658364,5534210,268726986
0,47,62,17977015115055104
0,2465658364,3840,285569738
0,47,4185600,17977015115055104
0,2465658364,5599746,17247271296
0,47,63,14106734386748160
0,2465658364,3840,4157562320912
0,47,4185600,17977015247429887
0,2465658364,29186,1095586247184
0,47,0,17977015122519295
0,2465658364,3840,268726986
0,47,4185600,17977015115055104
0,2465658364,5534210,285569738
0,47,84,17977015115055104
0,2465658364,3840,17280956800
0,47,4185600,14106734386745600
0,2465658364,5599746,131323020736534
0,47,85,17977015114137855
0,2465658364,3840,130910603212822
0,47,4185600,17977015114137855
0,2465658364,33847312,4174742190096
0,47,1232,17977015247429887
0,2465658364,133292287,1095586247184
0,47,4185600,17977015122519295
0,2465658364,369455632,268726986
0,47,255,17977015115055104
0,2465658364,8381695,285569738
0,47,4185600,17977015115055104
0,2465658364,29186,17280760192
0,47,0,14106734386747648
0,2465658364,3840,17180160514
0,47,4185600,17977015114141440
0,2465658364,268726986,21475193346
0,47,0,17977015114141440
0,2465658364,917504,4020123367440
0,47,4185600,17977015247429887
0,2465658364,285569738,1095586247184
0,47,0,17977015122519295
0,2465658364,917504,268726986
0,47,4185600,17977015115055104
0,2465658364,67139973,285569738
0,47,0,17977015115055104
0,2465670061,202379524,17280563589
0,47,3399168,14599315595991812
0,2465670061,5665282,4054482974736
0,47,68,17977015247429887
0,2465670061,3840,1095586116112
0,47,4185600,17977015122519295
0,2465670061,5665282,29186
0,47,86,17977015114141440
0,2465670061,3840,268726986
0,47,4185600,17977015115055104
0,2465670061,33847312,285569738
0,47,1233,17977015115055104
0,2465670061,133292287,67139973
0,47,4185600,14599315595989252
0,2465670061,369455632,12885127682
0,47,255,17977015114141440
0,2465670061,8381695,4071662843920
0,47,4185600,17977015247429887
0,2465670061,268726986,1095586116112
0,47,0,17977015122519295
0,2465670061,917504,268726986
0,47,4185600,17977015115055104
0,2465670061,285569738,285569738
0,47,0,17977015115055104
0,2465670061,917504,12952041861
0,47,4185600,14599315595991300
0,2465670061,67139973,403733180930
0,47,0,17977015114141440
0,2465670061,202379524,408028148226
0,47,3399168,17977015114141440
0,2465670061,31047,4088842713104
0,47,0,17977015247429887
0,2465670061,58720256,1095586116112
0,47,4185600,17977015122519295
0,2465670061,33847312,268726986
0,47,1224,17977015115055104
0,2465670061,133292287,285569738
0,47,4185600,17977015115055104
0,2465670061,369455632,67139973
0,47,255,14599315595989252
0,2465681366,8381695,31047
0,47,4185600,17977015172857856
0,2465681366,268726986,826227587084
0,47,0,17977015180214896
0,2465681366,917504,30748
0,47,4185600,17977015121535344
0,2465681366,285569738,3435974261061
0,47,0,17977015172857856
0,2465681366,917504,12585287
0,47,4185600,17977015172857856
0,2465681366,67402112,31047
0,47,4,17977015172857856
0,2465681366,202382080,4020123236368
0,47,3284480,17977015247429887
0,2465681366,422402,1095586116112
0,47,84,17977015122519295
0,2465681366,3840,268726986
0,47,4185600,17977015115055104
0,2465681366,487938,285569738
0,47,85,17977015115055104
0,2465681366,3840,17247271296
0,47,4185600,14106734386748160
0,2465681366,268726986,17180160514
0,47,0,17977015114141440
0,2465681366,917504,21475193346
0,47,4185600,17977015114141440
0,2465681366,285569738,268726986
0,47,0,17977015115055104
0,2465681366,917504,285569738
0,47,4185600,17977015115055104
0,2465681366,100694400,17247271296
0,47,4,14106734386748160
0,2465681366,202381568,17179898370
0,47,3284480,17977015114141440
0,2465681366,33978384,21475193346
0,47,1232,17977015114141440
0,2465681366,133292287,34360031248
0,47,4185600,17977015247429887
0,2465681366,369586704,1095300903440
0,47,255,17977015122519295
0,2465681366,8381695,103146616848
0,47,4185600,17977015247429887
0,2465692955,268726986,1095300903440
0,47,0,17977015122519295
0,2465692955,917504,268726986
0,47,4185600,17977015115055104
0,2465692955,285569738,285569738
0,47,0,17977015115055104
0,2465692955,917504,17247271296
0,47,4185600,14106734386747648
0,2465692955,101087616,17179898370
0,47,4,17977015114141440
0,2465692955,202379520,4106022582288
0,47,3284480,17977015247429887
0,2465692955,100890646,1095586116112
0,47,30576,17977015122519295
0,2465692955,255,268726986
0,47,4185600,17977015115055104
0,2465692955,50558998,285569738
0,47,30480,17977015115055104
0,2465692955,255,67139973
0,47,4185600,14599315595991300
0,2465692955,291330,4054482974736
0,47,4,17977015247429887
0,2465692955,3840,1095586116112
0,47,4185600,17977015122519295
0,2465692955,356866,4071662974992
0,47,5,17977015247429887
0,2465692955,3840,1095586247184
0,47,4185600,17977015122519295
0,2465692955,33978384,4106022844432
0,47,1208,17977015247429887
0,2465692955,133292287,1095586378256
0,47,4185600,17977015122519295
0,2465692955,369586704,17180160514
0,47,255,17977015114141440
0,2465692955,8381695,21475193346
0,47,4185600,17977015114141440
0,2465692955,268726986,25770226178
0,47,0,17977015114141440
0,2465692955,917504,30065259010
0,47,4185600,17977015114141440
0,2465692955,285569738,34360291842
0,47,0,17977015114141440
0,2465704376,917504,38655324674
0,47,4185600,17977015114141440
0,2465704376,100694405,12077216932753078274
0,47,4,17977015114141440
0,2465704376,202382084,23420458072066
0,47,3399168,17977015114141440
0,2465704376,29186,5595615850020239683
0,47,0,17977015177052181
0,2465704376,3840,17180160514
0,47,4185600,17977015114141440
0,2465704376,225794,4071662974992
0,47,3,17977015247429887
0,2465704376,3840,1095586247184
0,47,4185600,17977015122519295
0,2465704376,5730818,268726986
0,47,0,17977015115055104
0,2465704376,3840,285569738
0,47,4185600,17977015115055104
0,2465704376,33847312,17280563589
0,47,1216,14599315595991300
0,2465704376,133292287,31047
0,47,4185600,17977015172857856
0,2465704376,369455632,424257
0,47,255,17977015172857856
0,2465704376,8381695,555335
0,47,4185600,17977015172857856
0,2465704376,225794,31000
0,47,3,17977015114137600
0,2465704376,3840,31000
0,47,4185600,17977015114137600
0,2465704376,268726986,4020123236368
0,47,0,17977015247429887
0,2465704376,917504,1095586116112
0,47,4185600,17977015122519295
0,2465704376,285569738,268726986
0,47,0,17977015115055104
0,2465704376,917504,285569738
0,47,4185600,17977015115055104
0,2465704376,67139973,17247271296
0,47,3,14106734386748160
0,2465704376,202379524,4054483105808
0,47,3399168,17977015247429887
0,2465704376,6058498,1095586247184
0,47,86,17977015122519295
0,2465715920,3840,268726986
0,47,4185600,17977015115055104
0,2465715920,6058498,285569738
0,47,92,17977015115055104
0,2465715920,3840,17280956800
0,47,4185600,14106734386745600
0,2465715920,30722,131323020736534
0,47,8,17977015114137855
0,2465715920,3840,130910603212822
0,47,4185600,17977015114137855
0,2465715920,29186,4071662974992
0,47,0,17977015247429887
0,2465715920,3840,1095586247184
0,47,4185600,17977015122519295
0,2465715920,6124034,268726986
0,47,0,17977015115055104
0,2465715920,3840,285569738
0,47,4185600,17977015115055104
0,2465715920,33847312,17280760192
0,47,1217,14106734386747648
0,2465715920,133292287,17180160514
0,47,4185600,17977015114141440
0,2465715920,369455632,21475193346
0,47,255,17977015114141440
0,2465715920,8381695,3917044152336
0,47,4185600,17977015247429887
0,2465715920,268726986,1095586247184
0,47,0,17977015122519295
0,2465715920,917504,268726986
0,47,4185600,17977015115055104
0,2465715920,285569738,285569738
0,47,0,17977015115055104
0,2465715920,917504,17280563589
0,47,4185600,14599315595991812
0,2465715920,67139973,3951403759632
0,47,0,17977015247429887
0,2465715920,202379524,1095586116112
0,47,3399168,17977015122519295
0,2465715920,31047,29186
0,47,0,17977015114141440
0,2465715920,58720256,268726986
0,47,4185600,17977015115055104
0,2465727398,555335,285569738
0,47,0,17977015115055104
0,2465727398,58720256,67139973
0,47,4185600,14599315595989252
0,2465727398,31000,12885127682
0,47,0,17977015114141440
0,2465727398,0,3968583628816
0,47,4185600,17977015247429887
0,2465727398,31000,1095586116112
0,47,0,17977015122519295
0,2465727398,0,268726986
0,47,4185600,17977015115055104
0,2465727398,33847312,285569738
0,47,1208,17977015115055104
0,2465727398,133292287,12952041861
0,47,4185600,14599315595991300
0,2465727398,369455632,408028475906
0,47,255,17977015114141440
0,2465727398,8381695,429503312386
0,47,4185600,17977015114141440
0,2465727398,268726986,3985763498000
0,47,0,17977015247429887
0,2465727398,917504,1095586116112
0,47,4185600,17977015122519295
0,2465727398,285569738,268726986
0,47,0,17977015115055104
0,2465727398,917504,285569738
0,47,4185600,17977015115055104
0,2465727398,67402112,67139973
0,47,4,14599315595989252
0,2465727398,202382080,31047
0,47,3284480,17977015172857856
0,2465727398,33978384,963750426636
0,47,1216,17977015180214896
0,2465727398,133292287,30748
0,47,4185600,17977015121535344
0,2465727398,369586704,3435974261061
0,47,255,17977015172857856
0,2465727398,8381695,12585287
0,47,4185600,17977015172857856
0,2465727398,268726986,31047
0,47,0,17977015172857856
0,2465738904,917504,3917044021264
0,47,4185600,17977015247429887
0,2465738904,285569738,1095586116112
0,47,0,17977015122519295
0,2465738904,917504,268726986
0,47,4185600,17977015115055104
0,2465738904,101087616,285569738
0,47,4,17977015115055104
0,2465738904,202379520,17247271296
0,47,3284480,14106734386748160
0,2465738904,100694038,17180160514
0,47,30576,17977015114141440
0,2465738904,255,21475193346
0,47,4185600,17977015114141440
0,2465738904,30742,268726986
0,47,30480,17977015115055104
0,2465738904,255,285569738
0,47,4185600,17977015115055104
0,2465738904,291330,17247271296
0,47,4,14106734386748160
0,2465738904,3840,17179898370
0,47,4185600,17977015114141440
0,2465738904,356866,21475193346
0,47,5,17977015114141440
0,2465738904,3840,34360031248
0,47,4185600,17977015247429887
0,2465738904,33978384,1095300903440
0,47,1184,17977015122519295
0,2465738904,133292287,120326486032
0,47,4185600,17977015247429887
0,2465738904,369586704,1095300903440
0,47,255,17977015122519295
0,2465738904,8381695,268726986
0,47,4185600,17977015115055104
0,2465738904,268726986,285569738
0,47,0,17977015115055104
0,2465738904,917504,17247271296
0,47,4185600,14106734386747648
0,2465738904,285569738,17179898370
0,47,0,17977015114141440
0,2465738904,917504,4002943367184
0,47,4185600,17977015247429887
0,2465750401,100694405,1095586116112
0,47,4,17977015122519295
0,2465750401,202382084,268726986
0,47,3399168,17977015115055104
0,2465750401,225794,285569738
0,47,87,17977015115055104
0,2465750401,3840,67139973
0,47,4185600,14599315595991300
0,2465750401,33847312,3951403759632
0,47,1192,17977015247429887
0,2465750401,133292287,1095586116112
0,47,4185600,17977015122519295
0,2465750401,369455632,3968583759888
0,47,255,17977015247429887
0,2465750401,8381695,1095586247184
0,47,4185600,17977015122519295
0,2465750401,268726986,4002943629328
0,47,0,17977015247429887
0,2465750401,917504,1095586378256
0,47,4185600,17977015122519295
0,2465750401,285569738,17180160514
0,47,0,17977015114141440
0,2465750401,917504,21475193346
0,47,4185600,17977015114141440
0,2465750401,67139973,25770226178
0,47,3,17977015114141440
0,2465750401,202381572,30065259010
0,47,3399168,17977015114141440
0,2465750401,33847312,34360291842
0,47,1196,17977015114141440
0,2465750401,133292287,38655324674
0,47,4185600,17977015114141440
0,2465750401,369455632,12077223804700751874
0,47,255,17977015114141440
0,2465750401,8381695,23420458072066
0,47,4185600,17977015114141440
0,2465750401,29186,5595615850020239683
0,47,0,17977015177052181
0,2465750401,3840,17180160514
0,47,4185600,17977015114141440
0,2465750401,268726986,3968583759888
0,47,0,17977015247429887
0,2465761991,917504,1095586247184
0,47,4185600,17977015122519295
0,2465761991,285569738,268726986
0,47,0,17977015115055104
0,2465761991,917504,285569738
0,47,4185600,17977015115055104
0,2465761991,67139973,17280563589
0,47,0,14599315595991300
0,2465761991,202379524,31047
0,47,3399168,17977015172857856
0,2465761991,6189570,424257
0,47,92,17977015172857856
0,2465761991,3840,555335
0,47,4185600,17977015172857856
0,2465761991,6189570,31000
0,47,94,17977015114137600
0,2465761991,3840,31000
0,47,4185600,17977015114137600
0,2465761991,6255106,3917044021264
0,47,93,17977015247429887
0,2465761991,3840,1095586116112
0,47,4185600,17977015122519295
0,2465761991,6255106,268726986
0,47,95,17977015115055104
0,2465761991,3840,285569738
0,47,4185600,17977015115055104
0,2465761991,31047,17247271296
0,47,0,14106734386748160
0,2465761991,58720256,3951403890704
0,47,4185600,17977015247429887
0,2465761991,33847312,1095586247184
0,47,1192,17977015122519295
0,2465761991,133292287,268726986
0,47,4185600,17977015115055104
0,2465761991,369455632,285569738
0,47,255,17977015115055104
0,2465761991,8381695,17280956800
0,47,4185600,14106734386745600
0,2465761991,268726986,131323020736534
0,47,0,17977015114137855
0,2465761991,917504,130910603212822
0,47,4185600,17977015114137855
0,2465773517,285569738,3968583759888
0,47,0,17977015247429887
0,2465773517,917504,1095586247184
0,47,4185600,17977015122519295
0,2465773517,67402112,268726986
0,47,4,17977015115055104
0,2465773517,202381568,285569738
0,47,3284480,17977015115055104
0,2465773517,291330,17280760192
0,47,4,14106734386747648
0,2465773517,3840,17180160514
0,47,4185600,17977015114141440
0,2465773517,29186,21475193346
0,47,4,17977015114141440
0,2465773517,3840,3848324675600
0,47,4185600,17977015247429887
0,2465773517,33847312,1095586247184
0,47,1184,17977015122519295
0,2465773517,133292287,268726986
0,47,4185600,17977015115055104
0,2465773517,369455632,285569738
0,47,255,17977015115055104
0,2465773517,8381695,17280563589
0,47,4185600,14599315595991812
0,2465773517,268726986,3882684282896
0,47,0,17977015247429887
0,2465773517,917504,1095586116112
0,47,4185600,17977015122519295
0,2465773517,285569738,29186
0,47,0,17977015114141440
0,2465773517,917504,268726986
0,47,4185600,17977015115055104
0,2465773517,67402112,285569738
0,47,4,17977015115055104
0,2465773517,202382080,67139973
0,47,3284480,14599315595989252
0,2465773517,225794,12885127682
0,47,4,17977015114141440
0,2465773517,3840,12885127682
0,47,4185600,17977015114141440
0,2465784920,356866,429496758786
0,47,5,17977015114141440
0,2465784920,3840,29186
0,47,4185600,17977015114141440
0,2465784920,50624528,3886979250192
0,47,8,17977015247429887
0,2465784920,133292287,1095586116112
0,47,4185600,17977015122519295
0,2465784920,84242960,129811091978262
0,47,255,17977015114137606
0,2465784920,8381695,268726986
0,47,4185600,17977015115055104
0,2465784920,268726986,285569738
0,47,0,17977015115055104
0,2465784920,917504,25836943749
0,47,4185600,14599315595989252
0,2465784920,285569738,31047
0,47,0,17977015172857856
0,2465784920,917504,555335
0,47,4185600,17977015172857856
0,2465784920,67336576,31000
0,47,4,17977015114137600
0,2465784920,202381568,31000
0,47,3284480,17977015114137600
0,2465784920,29186,12885127682
0,47,0,17977015114141440
0,2465784920,3840,12885193218
0,47,4185600,17977015114141440
0,2465784920,33847312,17180160514
0,47,1172,17977015114141440
0,2465784920,133292287,17180160514
0,47,4185600,17977015114141440
0,2465784920,369455632,17180160514
0,47,255,17977015114141440
0,2465784920,8381695,17180160514
0,47,4185600,17977015114141440
0,2465784920,268726986,17180160514
0,47,0,17977015114141440
0,2465784920,917504,17180160514
0,47,4185600,17977015114141440
0,2465796573,285569738,17180160514
0,47,0,17977015114141440
0,2465796573,917504,17180160514
0,47,4185600,17977015114141440
0,2465796573,67139973,17180160514
0,47,0,17977015122519295
0,202379520,3840,268726986
0,3284480,4185600,17977015115055104
0,100694038,225794,285569738
0,30576,3,17977015115055104
0,255,3840,67139973
0,4185600,4185600,14599315595991300
0,30742,422402,472446693890
0,30480,3,17977015114141440
0,255,3840,12885127682
0,4185600,4185600,17977015114141440
0,33978384,33847312,17180291586
0,752,600,17977015114141440
0,133292287,133292287,468151726594
0,4185600,4185600,17977015114141440
0,369586704,369455632,17180357122
0,255,255,17977015114141440
0,8381695,8381695,12885127682
0,4185600,4185600,17977015114141440
0,422402,268726986,12885127682
0,6,0,17977015114141440
0,3840,917504,31047
0,4185600,4185600,17977015172857856
0,487938,285569738,4295260162
0,7,0,17977015114141440
0,3840,917504,17180422658
0,4185600,4185600,17977015114141440
0,34109456,67402112,17180488194
0,736,4,17977015114141440
0,133292287,202382080,34360291842
0,4185600,3284480,17977015114141440
0,369717776,225794,927746783248
0,255,4,17977015247429887
0,8381695,3840,1095586116112
0,4185600,4185600,17977015122519295
0,422402,356866,17180160514
0,6,5,17977015114141440
0,3840,3840,21475193346
0,4185600,4185600,17977015114141440
0,487938,50624528,17181209090
0,7,16,17977015114141440
0,3840,133292287,21476241922
0,4185600,4185600,17977015114141440
0,268726986,84242960,910566914064
0,0,255,17977015247429887
0,917504,8381695,1095586116112
0,4185600,4185600,17977015122519295
0,285569738,268726986,17180160514
0,0,0,17977015114141440
0,917504,917504,21475193346
0,4185600,4185600,17977015114141440
0,134248837,285569738,17181995522
0,6,0,17977015114141440
0,202382084,917504,21477028354
0,3399168,4185600,17977015114141440
0,422402,67139973,137439244802
0,10,6,17977015114141440
0,3840,202381572,141734277634
0,4185600,3399168,17977015114141440
0,487938,33847312,268726986
0,11,624,17977015115055104
0,3840,133292287,285569738
0,4185600,4185600,17977015115055104
0,422402,369455632,17247271296
0,6,255,14106734386747648
0,3840,8381695,17180160514
0,4185600,4185600,17977015114141440
0,487938,268726986,17180160514
0,7,0,17977015114141440
0,3840,917504,25770160642
0,4185600,4185600,17977015114141440
0,29186,285569738,21475193346
0,0,0,17977015114141440
0,3840,917504,30065259010
0,4185600,4185600,17977015114141440
0,34109456,67402112,30065455618
0,744,4,17977015114141440
0,133292287,202379520,12885127682
0,4185600,3284480,17977015114141440
0,369717776,67336214,12885914114
0,255,30576,17977015114141440
0,8381695,255,31047
0,4185600,4185600,17977015172857856
0,29186,50558998,17180750338
0,0,30480,17977015114141440
0,3840,255,21475652098
0,4185600,4185600,17977015114141440
0,268726986,33847312,42950423042
0,0,632,17977015114141440
0,917504,133292287,64425521666
0,4185600,4185600,17977015114141440
0,285569738,369455632,274877937989
0,0,255,17977015172857856
0,917504,8381695,252212040
0,4185600,4185600,17977015177052160
0,134248837,291330,576460804062081929
0,0,4,14106734185152523
0,202379524,3840,31003
0,3399168,4185600,17977015172857856
0,31047,356866,31041
0,0,5,17977015172857856
0,58720256,3840,60130488834
0,4185600,4185600,17977015114141440
0,34109456,33978384,60135207426
0,736,576,17977015114141440
0,133292287,133292287,369367478786
0,4185600,4185600,17977015114141440
0,369717776,369586704,17180160514
0,255,255,17977015114141440
0,8381695,8381695,17180160514
0,4185600,4185600,17977015114141440
0,268726986,291330,17180553730
0,0,4,17977015114141440
0,917504,3840,85899637250
0,4185600,4185600,17977015114141440
0,285569738,356866,90194670082
0,0,5,17977015114141440
0,917504,3840,268726986
0,4185600,4185600,17977015115055104
0,134773120,268726986,285569738
0,4,0,17977015115055104
0,202382080,917504,43016812933
0,3284480,4185600,14599315595991300
0,553474,285569738,38655324674
0,8,0,17977015114141440
0,3840,917504,38655324674
0,4185600,4185600,17977015114141440
0,619010,100694405,38660436482
0,9,4,17977015114141440
0,3840,202382084,373667885570
0,4185600,3399168,17977015114141440
0,268726986,2585090,4741643925829
0,0,44,17977015172857856
0,917504,3840,31047
0,4185600,4185600,17977015172857856
0,285569738,225794,373662446082
0,0,3,17977015114141440
0,917504,3840,17180488194
0,4185600,4185600,17977015114141440
0,134248837,2585090,4445992972
0,6,39,17977015180202608
0,202382084,3840,30748
0,3399168,4185600,17977015121535344
0,555335,292866,16255303
0,0,256,17977015172857856
0,58720256,3840,31047
0,4185600,4185600,17977015172857856
0,31000,291330,38654996994
0,0,4,17977015114141440
0,0,3840,137422534681
0,4185600,4185600,17977015114208260
0,31000,2519554,17180619266
0,0,4,17977015114141440
0,0,3840,47244931586
0,4185600,4185600,17977015114141440
0,33978384,33847312,21475193346
0,752,584,17977015114141440
0,133292287,133292287,8657401881
0,4185600,4185600,17977015114203653
0,369586704,369455632,8657336345
0,255,255,17977015114139391
0,8381695,8381695,17717031440
0,4185600,4185600,17977015247429887
0,268726986,225794,22028841488
0,0,3,17977015122519295
0,917504,3840,17180160514
0,4185600,4185600,17977015114141440
0,285569738,268726986,21475193346
0,0,0,17977015114141440
0,917504,917504,17180160514
0,4185600,4185600,17977015114141440
0,101087616,285569738,21475193346
0,4,0,17977015114141440
0,202382080,917504,268726986
0,3284480,4185600,17977015115055104
0,34109456,67139973,285569738
0,760,3,17977015115055104
0,133292287,202379524,17247271296
0,4185600,3399168,14106734386747648
0,369717776,31047,17180160514
0,255,0,17977015114141440
0,8381695,58720256,17180160514
0,4185600,4185600,17977015114141440
0,268726986,29186,25770160642
0,0,0,17977015114141440
0,917504,3840,21475193346
0,4185600,4185600,17977015114141440
0,285569738,2454018,30065259010
0,0,0,17977015114141440
0,917504,3840,30065521154
0,4185600,4185600,17977015114141440
0,134773120,33585168,12885127682
0,4,588,17977015114141440
0,202379520,133292287,12885914114
0,3284480,4185600,17977015114141440
0,134248470,369652240,31047
0,30576,255,17977015172857856
0,255,8381695,17180750338
0,4185600,4185600,17977015114141440
0,30742,291330,21475652098
0,30480,0,17977015114141440
0,255,3840,47245390338
0,4185600,4185600,17977015114141440
0,34109456,356866,64425521666
0,761,8,17977015114141440
0,133292287,3840,274878003525
0,4185600,4185600,17977015172857856
0,369717776,33978384,252212040
0,255,568,17977015177052160
0,8381695,133292287,576460804062081929
0,4185600,4185600,14106734185152523
0,268726986,369586704,31003
0,0,255,17977015172857856
0,917504,8381695,96577
0,4185600,4185600,17977015172857856
0,285569738,291330,60130488834
0,0,4,17977015114141440
0,917504,3840,60135600642
0,4185600,4185600,17977015114141440
0,134773120,356866,395137282562
0,4,5,17977015114141440
0,202379520,3840,17180160514
0,3284480,4185600,17977015114141440
0,134772758,268726986,17180160514
0,30576,0,17977015114141440
0,255,917504,17185993218
0,4185600,4185600,17977015114141440
0,134903830,285569738,38654996994
0,30480,0,17977015114141440
0,255,917504,137422534681
0,4185600,4185600,17977015114208260
0,34109456,100694405,17180619266
0,762,4,17977015114141440
0,133292287,202382084,47244931586
0,4185600,3399168,17977015114141440
0,369717776,487938,21475193346
0,255,0,17977015114141440
0,8381695,3840,8657401881
0,4185600,4185600,17977015114203653
0,268726986,553474,8657336345
0,0,8,17977015114139391
0,917504,227377,17515704848
0,4185600,0,17977015247429887
0,285569738,4177390816,21827514896
0,0,5455,17977015122519295
0,917504,4177390816,17180160514
0,4185600,5455,17977015114141440
0,134773120,0,21475193346
0,4,0,17977015114141440
0,202379520,0,17180160514
0,3284480,0,17977015114141440
0,134772758,29186,21475193346
0,30576,0,17977015114141440
0,255,3840,268726986
0,4185600,4185600,17977015115055104
0,134969366,29186,285569738
0,30480,0,17977015115055104
0,255,3840,399499098501
0,4185600,4185600,14599315595991300
0,34109456,29186,4446255120
0,763,0,17977015248347391
0,133292287,3840,17180160514
0,4185600,4185600,17977015114141440
0,369717776,225794,17185600002
0,255,0,17977015114141440
0,8381695,3840,373667885570
0,4185600,4185600,17977015114141440
0,268726986,33847312,18446744039365835079
0,0,568,17977015173119999
0,917504,133292287,31041
0,4185600,4185600,17977015172857856
0,285569738,369455632,927746783248
0,0,255,17977015247429887
0,917504,8381695,1095586116112
0,4185600,4185600,17977015122519295
0,134773120,268726986,268726986
0,4,0,17977015115055104
0,202379520,917504,285569738
0,3284480,4185600,17977015115055104
0,134772758,285569738,17247271296
0,30576,0,14106734386747648
0,255,917504,17180160514
0,4185600,4185600,17977015114141440
0,135034902,67402112,17180160514
0,30480,4,17977015114141440
0,255,202382080,17180094978
0,4185600,3284480,17977015114141440
0,34109456,291330,1030825998352
0,764,4,17977015247429887
0,133292287,3840,1095586116112
0,4185600,4185600,17977015122519295
0,369717776,356866,268726986
0,255,5,17977015115055104
0,8381695,3840,285569738
0,4185600,4185600,17977015115055104
0,268726986,268726986,12952041861
0,0,0,14599315595991300
0,917504,917504,962106521616
0,4185600,4185600,17977015247429887
0,285569738,285569738,1095586116112
0,0,0,17977015122519295
0,917504,917504,268726986
0,4185600,4185600,17977015115055104
0,134773120,67139973,285569738
0,4,3,17977015115055104
0,202379520,202381572,17247271296
0,3284480,3399168,14106734386748160
0,134772758,33847312,17180160514
0,30576,568,17977015114141440
0,255,133292287,21475193346
0,4185600,4185600,17977015114141440
0,135100438,369455632,268726986
0,30480,255,17977015115055104
0,255,8381695,285569738
0,4185600,4185600,17977015115055104
0,34109456,268726986,17247271296
0,765,0,14106734386747648
0,133292287,917504,19025654288
0,4185600,4185600,17977015248347391
0,369717776,285569738,468218573324
0,255,0,17977015180210800
0,8381695,917504,30748
0,4185600,4185600,17977015121535344
0,268726986,67402112,29186
0,0,4,17977015114141440
0,917504,202382080,30748
0,4185600,3284480,17977015121539184
0,285569738,29186,7303682
0,0,4,17977015114141440
0,917504,3840,1992865249605
0,4185600,4185600,17977015172857856
0,134773120,356866,7080263
0,4,5,17977015172857856
0,202379520,3840,31047
0,3284480,4185600,17977015172857856
0,134772758,225794,1013646129168
0,30576,255,17977015247429887
0,255,3840,1095586116112
0,4185600,4185600,17977015122519295
0,135165974,292880,996466391056
0,30480,4,17977015247429887
0,255,133292287,1095586247184
0,4185600,4185600,17977015122519295
0,34109456,84242960,1030826260496
0,766,255,17977015247429887
0,133292287,8381695,1095586378256
0,4185600,4185600,17977015122519295
0,369717776,268726986,17180160514
0,255,0,17977015114141440
0,8381695,917504,21475193346
0,4185600,4185600,17977015114141440
0,268726986,285569738,25770226178
0,0,0,17977015114141440
0,917504,917504,30065259010
0,4185600,4185600,17977015114141440
0,285569738,67139973,34360291842
0,0,3,17977015114141440
0,917504,202381572,38655324674
0,4185600,3399168,17977015114141440
0,134773120,33847312,17180160514
0,4,568,17977015114141440
0,202379520,133292287,21475193346
0,3284480,4185600,17977015114141440
0,134772758,369455632,25770226178
0,30576,255,17977015114141440
0,255,8381695,30065259010
0,4185600,4185600,17977015114141440
0,135231510,268726986,34360291842
0,30480,0,17977015114141440
0,255,917504,38655324674
0,4185600,4185600,17977015114141440
0,34109456,285569738,12077481983774849026
0,767,0,17977015114141440
0,133292287,917504,23420458072066
0,4185600,4185600,17977015114141440
0,369717776,67402112,5595615850020239683
0,255,4,17977015177052181
0,8381695,202382080,17180160514
0,4185600,3284480,17977015114141440
0,268726986,29186,17180160514
0,0,4,17977015114141440
0,917504,3840,17187172866
0,4185600,4185600,17977015114141440
0,285569738,356866,476748673538
0,0,5,17977015114141440
0,917504,3840,31047
0,4185600,4185600,17977015172857856
0,134773120,292880,424257
0,4,4,17977015172857856
0,202379520,133292287,476747559426
0,3284480,4185600,17977015114141440
0,134772758,84242960,403733115394
0,30576,255,17977015114141440
0,255,8381695,555335
0,4185600,4185600,17977015172857856
0,134772758,268726986,31000
0,30480,0,17977015114137600
0,255,917504,31000
0,4185600,4185600,17977015114137600
0,225794,285569738,403726955010
0,3,0,17977015114141440
0,3840,917504,29186
0,4185600,4185600,17977015114141440
0,422402,67402112,29186
0,6,4,17977015114141440
0,3840,202381568,29186
0,4185600,3284480,17977015114141440
0,487938,291330,408022184450
0,7,4,17977015114141440
0,3840,3840,429497086466
0,4185600,4185600,17977015114141440
0,29186,291330,268726986
0,0,4,17977015115055104
0,3840,3840,285569738
0,4185600,4185600,17977015115055104
0,684546,31047,67139973
0,10,0,14599315595991300
0,3840,58720256,1133905213456
0,4185600,4185600,17977015247429887
0,750082,30722,1095586116112
0,11,1,17977015122519295
0,3840,3840,268726986
0,4185600,4185600,17977015115055104
0,815618,29186,285569738
0,12,0,17977015115055104
0,3840,3840,17247271296
0,4185600,4185600,14106734386748160
0,881154,29186,1168265082896
0,13,0,17977015247429887
0,3840,3840,1095586247184
0,4185600,4185600,17977015122519295
0,946690,50558998,268726986
0,14,21520,17977015115055104
0,3840,0,285569738
0,4185600,4185600,17977015115055104
0,1012226,30722,17280956800
0,15,1,14106734386745600
0,3840,3840,131323020736534
0,4185600,4185600,17977015114137855
0,553474,29186,130910603212822
0,8,0,17977015114137855
0,3840,3840,17180160514
0,4185600,4185600,17977015114141440
0,1929730,29186,21475193346
0,3,0,17977015114141440
0,3840,3840,859027437584
0,4185600,4185600,17977015247429887
0,34174992,227350,1095586247184
0,703,30224,17977015122519295
0,133292287,3,268726986
0,4185600,4185600,17977015115055104
0,370307600,30722,285569738
0,255,4294967295,17977015115055104
0,8381695,3840,17280563589
0,4185600,4185600,14599315595991812
0,134445078,29186,408022118914
0,30224,0,17977015114141440
0,3,3840,429503312386
0,4185600,4185600,17977015114141440
0,553474,29186,29186
0,9,0,17977015114141440
0,3840,3840,12885127682
0,4185600,4185600,17977015114141440
0,619010,29186,429496955394
0,18,0,17977015114141440
0,3840,3840,893387044880
0,4185600,4185600,17977015247429887
0,268726986,422402,1095586116112
0,0,0,17977015122519295
0,917504,3840,29186
0,4185600,4185600,17977015114141440
0,285569738,33847312,268726986
0,0,568,17977015115055104
0,917504,133292287,285569738
0,4185600,4185600,17977015115055104
0,134248837,369455632,67139973
0,3,255,14599315595989252
0,202379524,8381695,433798345218
0,3399168,4185600,17977015114141440
0,34109456,268726986,433798345218
0,702,0,17977015114141440
0,133292287,917504,897682012176
0,4185600,4185600,17977015247429887
0,369717776,285569738,1095586116112
0,255,0,17977015122519295
0,8381695,917504,268726986
0,4185600,4185600,17977015115055104
0,1012226,67402112,285569738
0,15,4,17977015115055104
0,3840,202382080,67139973
0,4185600,3284480,14599315595989252
0,268726986,29186,31047
0,0,4,17977015172857856
0,917504,3840,5273927
0,4185600,4185600,17977015172857856
0,285569738,356866,31000
0,0,5,17977015114137600
0,917504,3840,31000
0,4185600,4185600,17977015114137600
0,134248837,292880,31000
0,15,8,17977015114137600
0,202379524,133292287,31000
0,3399168,4185600,17977015114137600
0,34109456,84242960,31000
0,701,255,17977015114137600
0,133292287,8381695,31000
0,4185600,4185600,17977015114137600
0,369717776,268726986,31000
0,255,0,17977015114137600
0,8381695,917504,31000
0,4185600,4185600,17977015114137600
0,946690,285569738,31000
0,14,0,17977015114137600
0,3840,917504,31000
0,4185600,4185600,17977015114137600
0,268726986,67139973,31000
0,0,6,17977015114137600
0,917504,202381572,31000
0,4185600,3399168,17977015114137600
0,285569738,291330,31000
0,0,7,17977015114137600
0,917504,3840,31000
0,4185600,4185600,17977015114137600
0,134248837,356866,31000
0,14,8,17977015114137600
0,202379524,3840,31000
0,3399168,4185600,17977015114137600
0,34109456,33978384,31000
0,700,552,17977015114137600
0,133292287,133292287,31000
0,4185600,4185600,17977015114137600
0,369717776,369586704,31000
0,255,255,17977015114137600
0,8381695,8381695,31000
0,4185600,4185600,17977015114137600
0,881154,291330,2353675925520
0,13,4,17977015247429887
0,3840,3840,1095586116112
0,4185600,4185600,17977015122519295
0,268726986,356866,268726986
0,0,5,17977015115055104
0,917504,3840,285569738
0,4185600,4185600,17977015115055104
0,285569738,268726986,17247271296
0,0,0,14106734386747648
0,917504,917504,17180160514
0,4185600,4185600,17977015114141440
0,134248837,285569738,17180160514
0,13,0,17977015114141440
0,202379524,917504,17180160514
0,3399168,4185600,17977015114141440
0,34109456,100694405,17180160514
0,699,4,17977015114141440
0,133292287,202382084,17180160514
0,4185600,3399168,17977015114141440
0,369717776,5599746,17184944642
0,255,39,17977015114141440
0,8381695,3840,555335
0,4185600,4185600,17977015172857856
0,815618,5599746,31000
0,12,85,17977015114137600
0,3840,3840,31000
0,4185600,4185600,17977015114137600
0,268726986,5534210,2473935009808
0,0,37,17977015247429887
0,917504,3840,1095586116112
0,4185600,4185600,17977015122519295
0,285569738,5534210,268726986
0,0,84,17977015115055104
0,917504,3840,285569738
0,4185600,4185600,17977015115055104
0,134248837,4278220822,17247271296
0,12,30224,14106734386748160
0,202379524,0,2508294879248
0,3399168,4185600,17977015247429887
0,34109456,33847312,1095586247184
0,698,560,17977015122519295
0,133292287,133292287,268726986
0,4185600,4185600,17977015115055104
0,369717776,369455632,285569738
0,255,255,17977015115055104
0,8381695,8381695,17280956800
0,4185600,4185600,14106734386745600
0,750082,29186,131323020736534
0,11,0,17977015114137855
0,3840,3840,130910603212822
0,4185600,4185600,17977015114137855
0,268726986,268726986,17180160514
0,0,0,17977015114141440
0,917504,917504,21475193346
0,4185600,4185600,17977015114141440
0,285569738,285569738,790307960848
0,0,0,17977015247429887
0,917504,917504,1095586247184
0,4185600,4185600,17977015122519295
0,134248837,67139973,268726986
0,11,0,17977015115055104
0,202379524,202379524,285569738
0,3399168,3399168,17977015115055104
0,34109456,31047,17280563589
0,697,0,14599315595991812
0,133292287,58720256,824667568144
0,4185600,4185600,17977015247429887
0,369717776,555335,1095586116112
0,255,0,17977015122519295
0,8381695,58720256,29186
0,4185600,4185600,17977015114141440
0,684546,31000,268726986
0,10,0,17977015115055104
0,3840,0,285569738
0,4185600,4185600,17977015115055104
0,268726986,31000,67139973
0,0,0,14599315595989252
0,917504,0,330712510978
0,4185600,4185600,17977015114141440
0,285569738,33847312,841847437328
0,0,552,17977015247429887
0,917504,133292287,1095586116112
0,4185600,4185600,17977015122519295
0,134248837,369455632,268726986
0,10,255,17977015115055104
0,202379524,8381695,285569738
0,3399168,4185600,17977015115055104
0,34109456,268726986,67139973
0,696,0,14599315595991300
0,133292287,917504,163213898242
0,4185600,4185600,17977015114141440
0,369717776,285569738,335012590082
0,255,0,17977015114141440
0,8381695,917504,31047
0,4185600,4185600,17977015172857856
0,29186,67402112,790307829776
0,0,4,17977015247429887
0,3840,202382080,1095586116112
0,4185600,3284480,17977015122519295
0,268726986,291330,268726986
0,0,4,17977015115055104
0,917504,3840,285569738
0,4185600,4185600,17977015115055104
0,285569738,356866,17247271296
0,0,5,14106734386748160
0,917504,3840,17179898370
0,4185600,4185600,17977015114141440
0,134248837,33978384,21475193346
0,0,560,17977015114141440
0,202379524,133292287,68719769616
0,3399168,4185600,17977015247429887
0,34109456,369586704,1095300903440
0,688,255,17977015122519295
0,133292287,8381695,268726986
0,4185600,4185600,17977015115055104
0,369717776,268726986,285569738
0,255,0,17977015115055104
0,8381695,917504,17247271296
0,4185600,4185600,14106734386747648
0,268726986,285569738,1095283798540
0,0,0,17977015180206704
0,917504,917504,30748
0,4185600,4185600,17977015121535344
0,285569738,101087616,3298535307589
0,0,4,17977015172857856
0,917504,202379520,12060999
0,4185600,3284480,17977015172857856
0,134248837,100694038,31047
0,6,30576,17977015172857856
0,202382084,255,790307829776
0,3399168,4185600,17977015247429887
0,33978384,30742,1095586116112
0,3196,30480,17977015122519295
0,133292287,255,268726986
0,4185600,4185600,17977015115055104
0,369586704,291330,285569738
0,255,4,17977015115055104
0,8381695,3840,17247271296
0,4185600,4185600,14106734386748160
0,422402,356866,17180160514
0,6,5,17977015114141440
0,3840,3840,21475193346
0,4185600,4185600,17977015114141440
0,487938,33978384,268726986
0,7,536,17977015115055104
0,3840,133292287,285569738
0,4185600,4185600,17977015115055104
0,34109456,369586704,17247271296
0,704,255,14106734386748160
0,133292287,8381695,17180094978
0,4185600,4185600,17977015114141440
0,369717776,268726986,21475258882
0,255,0,17977015114141440
0,8381695,917504,34410297360
0,4185600,4185600,17977015247429887
0,422402,285569738,1095317746192
0,6,0,17977015122519295
0,3840,917504,790307829776
0,4185600,4185600,17977015247429887
0,487938,100694405,1095586116112
0,7,4,17977015122519295
0,3840,202382084,268726986
0,4185600,3399168,17977015115055104
0,268726986,30742,285569738
0,0,21520,17977015115055104
0,917504,255,17247271296
0,4185600,4185600,14106734386748160
0,285569738,33847312,17179898370
0,0,544,17977015114141440
0,917504,133292287,21475193346
0,4185600,4185600,17977015114141440
0,134248837,369455632,51539900432
0,6,255,17977015247429887
0,202382084,8381695,1095300903440
0,3399168,4185600,17977015122519295
0,31047,227350,268726986
0,0,30258,17977015115055104
0,58720256,3,285569738
0,4185600,4185600,17977015115055104
0,29186,268726986,17247271296
0,255,0,14106734386747648
0,3840,917504,17180160514
0,4185600,4185600,17977015114141440
0,29186,285569738,137422534681
0,0,0,17977015114208260
0,3840,917504,17179898370
0,4185600,4185600,17977015114141440
0,29186,67139973,291330
0,0,3,17977015114141440
0,3840,202379524,21475193346
0,4185600,3399168,17977015114141440
0,1864194,5206530,8657401881
0,0,85,17977015114203653
0,3840,3840,8657336345
0,4185600,4185600,17977015114139391
0,1864194,29186,17230492176
0,28,0,17977015247429887
0,3840,3840,21575856656
0,4185600,4185600,17977015122519295
0,424261,5206530,841847568400
0,1520,79,17977015247429887
0,58720256,3840,1095586247184
0,4185600,4185600,17977015122519295
0,31047,5140994,17180160514
0,0,84,17977015114141440
0,58720256,3840,21475193346
0,4185600,4185600,17977015114141440
0,29186,5140994,25770226178
0,28,78,17977015114141440
0,3840,3840,30065259010
0,4185600,4185600,17977015114141440
0,2388482,33847312,12077494903036475394
0,0,545,17977015114141440
0,3840,133292287,23420458072066
0,4185600,4185600,17977015114141440
0,604010508,369455632,5595615746945218883
0,20,255,17977015177052181
0,66065008,8381695,31047
0,4185600,4185600,17977015172857856
0,30748,29186,424257
0,0,0,17977015172857856
0,7397744,3840,31047
0,4185600,4185600,17977015172857856
0,6293831,268726986,31048
0,4,0,17977015172857856
0,58720256,917504,31517
0,4185600,4185600,14599315393675264
0,31047,285569738,790307829776
0,0,0,17977015247429887
0,58720256,917504,1095586116112
0,4185600,4185600,17977015122519295
0,604010532,67139973,268726986
0,256,0,17977015115055104
0,126747391,202379524,285569738
0,4185600,3399168,17977015115055104
0,486568464,31047,17247271296
0,0,0,14106734386748160
0,134209791,58720256,17179898370
0,4185600,4185600,17977015114141440
0,29186,30722,21475193346
0,0,31,17977015114141440
0,3840,3840,34360031248
0,4185600,4185600,17977015247429887
0,4278482969,29186,1095300903440
0,31,0,17977015122519295
0,70656,3840,268726986
0,4185600,4185600,17977015115055104
0,356866,5075458,285569738
0,4,0,17977015115055104
0,3840,3840,17247271296
0,4185600,4185600,14106734386747648
0,291330,29186,1095283798540
0,0,79,17977015180206704
0,3840,3840,30748
0,4185600,4185600,17977015121535344
0,291330,33847312,49546743150917
0,4,548,17977015172857856
0,3840,133292287,188982495559
0,4185600,4185600,17977015172857856
0,356866,369455632,31047
0,5,255,17977015172857856
0,3840,8381695,790307829776
0,4185600,4185600,17977015247429887
0,33978384,268726986,1095586116112
0,688,0,17977015122519295
0,133292287,917504,268726986
0,4185600,4185600,17977015115055104
0,369586704,285569738,285569738
0,255,0,17977015115055104
0,8381695,917504,17247271296
0,4185600,4185600,14106734386748160
0,422402,67139973,824667699216
0,6,0,17977015247429887
0,3840,202381572,1095586247184
0,4185600,3399168,17977015122519295
0,487938,33847312,268726986
0,7,536,17977015115055104
0,3840,133292287,285569738
0,4185600,4185600,17977015115055104
0,34109456,369455632,17280956800
0,680,255,14106734386745600
0,133292287,8381695,131323020736534
0,4185600,4185600,17977015114137855
0,369717776,268726986,130910603212822
0,255,0,17977015114137855
0,8381695,917504,841847568400
0,4185600,4185600,17977015247429887
0,422402,285569738,1095586247184
0,6,0,17977015122519295
0,3840,917504,268726986
0,4185600,4185600,17977015115055104
0,487938,67402112,285569738
0,7,4,17977015115055104
0,3840,202382080,17280760192
0,4185600,3284480,14106734386747648
0,268726986,33978384,17180160514
0,0,545,17977015114141440
0,917504,133292287,21475193346
0,4185600,4185600,17977015114141440
0,285569738,369586704,687228745744
0,0,255,17977015247429887
0,917504,8381695,1095586247184
0,4185600,4185600,17977015122519295
0,134248837,268726986,268726986
0,6,0,17977015115055104
0,202382084,917504,285569738
0,3399168,4185600,17977015115055104
0,1208834,285569738,17280563589
0,4,0,14599315595991812
0,3840,917504,721588353040
0,4185600,4185600,17977015247429887
0,1274370,101087616,1095586116112
0,5,4,17977015122519295
0,3840,202379520,29186
0,4185600,3284480,17977015114141440
0,31047,100694038,268726986
0,0,30576,17977015115055104
0,58720256,255,285569738
0,4185600,4185600,17977015115055104
0,555335,30742,67139973
0,0,30480,14599315595989252
0,58720256,255,12885127682
0,4185600,4185600,17977015114141440
0,31000,291330,738768222224
0,0,4,17977015247429887
0,0,3840,1095586116112
0,4185600,4185600,17977015122519295
0,31000,356866,268726986
0,0,5,17977015115055104
0,0,3840,285569738
0,4185600,4185600,17977015115055104
0,33847312,33978384,12952041861
0,680,520,14599315595991300
0,133292287,133292287,335012655618
0,4185600,4185600,17977015114141440
0,369455632,369586704,339307622914
0,255,255,17977015114141440
0,8381695,8381695,755948091408
0,4185600,4185600,17977015247429887
0,268726986,268726986,1095586116112
0,0,0,17977015122519295
0,917504,917504,268726986
0,4185600,4185600,17977015115055104
0,285569738,285569738,285569738
0,0,0,17977015115055104
0,917504,917504,67139973
0,4185600,4185600,14599315595989252
0,67402112,100694405,31047
0,4,4,17977015172857856
0,202382080,202382084,687228614672
0,3284480,3399168,17977015247429887
0,29186,36993040,1095586116112
0,4,548,17977015122519295
0,3840,133292287,268726986
0,4185600,4185600,17977015115055104
0,356866,372208144,285569738
0,5,255,17977015115055104
0,3840,8381695,17247271296
0,4185600,4185600,14106734386748160
0,292880,3437058,17180160514
0,8,52,17977015114141440
0,133292287,3840,21475193346
0,4185600,4185600,17977015114141440
0,84242960,3109378,268726986
0,255,47,17977015115055104
0,8381695,3840,285569738
0,4185600,4185600,17977015115055104
0,33978384,29186,17247271296
0,680,0,14106734386748160
0,133292287,3840,17179898370
0,4185600,4185600,17977015114141440
0,369586704,3437058,21475193346
0,255,52,17977015114141440
0,8381695,3840,34360031248
0,4185600,4185600,17977015247429887
0,268726986,3109378,1095300903440
0,0,47,17977015122519295
0,917504,3840,17247270928
0,4185600,4185600,17977015247429887
0,285569738,33847312,1095300903440
0,0,528,17977015122519295
0,917504,133292287,268726986
0,4185600,4185600,17977015115055104
0,101087616,369455632,285569738
0,4,255,17977015115055104
0,202382080,8381695,17247271296
0,3284480,4185600,14106734386747648
0,422402,29186,17179898370
0,6,0,17977015114141440
0,3840,3840,773127960592
0,4185600,4185600,17977015247429887
0,487938,268726986,1095586116112
0,7,0,17977015122519295
0,3840,917504,268726986
0,4185600,4185600,17977015115055104
0,268726986,285569738,285569738
0,0,0,17977015115055104
0,917504,917504,67139973
0,4185600,4185600,14599315595991300
0,285569738,67139973,721588353040
0,0,0,17977015247429887
0,917504,202379524,1095586116112
0,4185600,3399168,17977015122519295
0,101087616,3043842,738768353296
0,4,77,17977015247429887
0,202382080,3840,1095586247184
0,3284480,4185600,17977015122519295
0,29186,3043842,773128222736
0,6,46,17977015247429887
0,3840,3840,1095586378256
0,4185600,4185600,17977015122519295
0,487938,33847312,17180160514
0,7,529,17977015114141440
0,3840,133292287,21475193346
0,4185600,4185600,17977015114141440
0,422402,369455632,25770226178
0,18,255,17977015114141440
0,3840,8381695,30065259010
0,4185600,4185600,17977015114141440
0,225794,268726986,34360291842
0,19,0,17977015114141440
0,3840,917504,38655324674
0,4185600,4185600,17977015114141440
0,422416,285569738,12077502187301009410
0,6,0,17977015114141440
0,133292287,917504,23420458072066
0,4185600,4185600,17977015114141440
0,117928464,67139973,5595615850020239683
0,3,0,17977015177052181
0,8381695,202379524,17180160514
0,4185600,3399168,17977015114141440
0,291330,31047,738768353296
0,4,0,17977015247429887
0,3840,58720256,1095586247184
0,4185600,4185600,17977015122519295
0,356866,33847312,268726986
0,5,520,17977015115055104
0,3840,133292287,285569738
0,4185600,4185600,17977015115055104
0,422402,369455632,17280563589
0,6,255,14599315595991300
0,3840,8381695,555335
0,4185600,4185600,17977015172857856
0,487938,268726986,31000
0,7,0,17977015114137600
0,3840,917504,31000
0,4185600,4185600,17977015114137600
0,1341442,285569738,687228614672
0,2811964832,0,17977015247429887
0,3840,917504,1095586116112
0,4185600,4185600,17977015122519295
0,1406978,67402112,268726986
0,5453,4,17977015115055104
0,3840,202382080,285569738
0,4185600,3284480,17977015115055104
0,12613955,422402,17247271296
0,1302830848,52,14106734386748160
0,62914581,3840,721588484112
0,4185600,4185600,17977015247429887
0,291330,487938,1095586247184
0,4,47,17977015122519295
0,3840,3840,268726986
0,4185600,4185600,17977015115055104
0,29186,268726986,285569738
0,4,0,192321
0,917504,3840,23433223992464
0,4185600,4185600,23433223992464
0,285569738,33978384,46009168
0,0,1352,46009168
0,917504,133292287,130910603212822
0,4185600,4185600,17977015114137855
0,67402112,369586704,738768353296
0,4,255,17977015247429887
0,202381568,8381695,1095586247184
0,3284480,4185600,17977015122519295
0,29186,268726986,268726986
0,4,0,17977015115055104
0,3840,917504,285569738
0,4185600,4185600,17977015115055104
0,33847312,285569738,17280760192
0,1572,0,14106734386747648
0,133292287,917504,17180160514
0,4185600,4185600,17977015114141440
0,369455632,100694405,21475193346
0,255,4,17977015114141440
0,8381695,202382084,584149530640
0,4185600,3399168,17977015247429887
0,268726986,3568130,1095586247184
0,0,45,17977015122519295
0,917504,3840,268726986
0,4185600,4185600,17977015115055104
0,285569738,3502594,285569738
0,0,46,17977015115055104
0,917504,3840,17280563589
0,4185600,4185600,14599315595991812
0,67139973,29186,618509137936
0,0,0,17977015247429887
0,202381572,3840,1095586116112
0,3399168,4185600,17977015122519295
0,33847312,3568130,29186
0,1560,54,17977015114141440
0,133292287,3840,268726986
0,4185600,4185600,17977015115055104
0,369455632,3502594,285569738
0,255,53,17977015115055104
0,8381695,3840,67139973
0,4185600,4185600,14599315595989252
0,33978384,33847312,12885127682
0,1564,1360,17977015114141440
0,133292287,133292287,635689007120
0,4185600,4185600,17977015247429887
0,369586704,369455632,1095586116112
0,255,255,17977015122519295
0,8381695,8381695,268726986
0,4185600,4185600,17977015115055104
0,34109456,29186,285569738
0,1572,0,17977015115055104
0,133292287,3840,12952041861
0,4185600,4185600,14599315595991300
0,369717776,268726986,339307950594
0,255,0,17977015114141440
0,8381695,917504,360782787074
0,4185600,4185600,17977015114141440
0,291330,285569738,652868876304
0,4,0,17977015247429887
0,3840,917504,1095586116112
0,4185600,4185600,17977015122519295
0,356866,67139973,268726986
0,5,0,17977015115055104
0,3840,202379524,285569738
0,4185600,3399168,17977015115055104
0,422402,3633666,67139973
0,6,44,14599315595989252
0,3840,3840,31047
0,4185600,4185600,17977015172857856
0,487938,3633666,584149399568
0,7,55,17977015247429887
0,3840,3840,1095586116112
0,4185600,4185600,17977015122519295
0,553474,33847312,268726986
0,8,1361,17977015115055104
0,3840,133292287,285569738
0,4185600,4185600,17977015115055104
0,619010,369455632,17247271296
0,9,255,14106734386748160
0,3840,8381695,17180160514
0,4185600,4185600,17977015114141440
0,1341442,268726986,21475193346
0,2811895840,0,17977015114141440
0,3840,917504,268726986
0,4185600,4185600,17977015115055104
0,1406978,285569738,285569738
0,5453,0,17977015115055104
0,3840,917504,17247271296
0,4185600,4185600,14106734386748160
0,31043,67139973,17179898370
0,1302830840,0,17977015114141440
0,62914581,202379524,21475193346
0,4185600,3399168,17977015114141440
0,291330,31047,34360031248
0,4,0,17977015247429887
0,3840,58720256,1095300903440
0,4185600,4185600,17977015122519295
0,33978384,33847312,34427140112
0,1564,1352,17977015247429887
0,133292287,133292287,1095300903440
0,4185600,4185600,17977015122519295
0,369586704,369455632,268726986
0,255,255,17977015115055104
0,8381695,8381695,285569738
0,4185600,4185600,17977015115055104
0,268726986,268726986,17247271296
0,0,0,14106734386747648
0,917504,917504,17179898370
0,4185600,4185600,17977015114141440
0,285569738,285569738,670048745488
0,0,0,17977015247429887
0,917504,917504,1095586116112
0,4185600,4185600,17977015122519295
0,100694405,67402112,268726986
0,4,4,17977015115055104
0,202381572,202382080,285569738
0,3399168,3284480,17977015115055104
0,555335,422402,67139973
0,0,54,14599315595991300
0,58720256,3840,618509137936
0,4185600,4185600,17977015247429887
0,31000,487938,1095586116112
0,0,53,17977015122519295
0,0,3840,635689138192
0,4185600,4185600,17977015247429887
0,31000,268726986,1095586247184
0,0,0,17977015122519295
0,0,917504,670049007632
0,4185600,4185600,17977015247429887
0,33847312,285569738,1095586378256
0,1552,0,17977015122519295
0,133292287,917504,17180160514
0,4185600,4185600,17977015114141440
0,369455632,100694400,21475193346
0,255,4,17977015114141440
0,8381695,202381568,25770226178
0,4185600,3284480,17977015114141440
0,268726986,33978384,30065259010
0,0,1360,17977015114141440
0,917504,133292287,34360291842
0,4185600,4185600,17977015114141440
0,285569738,369586704,38655324674
0,0,255,17977015114141440
0,917504,8381695,12077508578212345858
0,4185600,4185600,17977015114141440
0,67402112,268726986,23420458072066
0,4,0,17977015114141440
0,202382080,917504,5595615850020239683
0,3284480,4185600,17977015177052181
0,33978384,285569738,17180160514
0,1560,0,17977015114141440
0,133292287,917504,635689138192
0,4185600,4185600,17977015247429887
0,369586704,101087616,1095586247184
0,255,4,17977015122519295
0,8381695,202379520,268726986
0,4185600,3284480,17977015115055104
0,268726986,100890646,285569738
0,0,30576,17977015115055104
0,917504,255,17280563589
0,4185600,4185600,14599315595991300
0,285569738,50558998,555335
0,0,30480,17977015172857856
0,917504,255,31000
0,4185600,4185600,17977015114137600
0,101087616,291330,31000
0,4,4,17977015114137600
0,202379520,3840,584149399568
0,3284480,4185600,17977015247429887
0,100694038,356866,1095586116112
0,30576,5,17977015122519295
0,255,3840,268726986
0,4185600,4185600,17977015115055104
0,30742,33978384,285569738
0,30480,1336,17977015115055104
0,255,133292287,17247271296
0,4185600,4185600,14106734386748160
0,33978384,369586704,618509269008
0,1564,255,17977015247429887
0,133292287,8381695,1095586247184
0,4185600,4185600,17977015122519295
0,369586704,268726986,268726986
0,255,0,17977015115055104
0,8381695,917504,285569738
0,4185600,4185600,17977015115055104
0,268726986,285569738,17280956800
0,0,0,14106734386745600
0,917504,917504,131323020736534
0,4185600,4185600,17977015114137855
0,285569738,100694405,130910603212822
0,0,4,17977015114137855
0,917504,202382084,635689138192
0,4185600,3399168,17977015247429887
0,100891008,29186,1095586247184
0,4,0,17977015122519295
0,202381568,3840,268726986
0,3284480,4185600,17977015115055104
0,291330,225794,285569738
0,4,3,17977015115055104
0,3840,3840,17280760192
0,4185600,4185600,14106734386747648
0,356866,3961346,17180160514
0,5,0,17977015114141440
0,3840,3840,21475193346
0,4185600,4185600,17977015114141440
0,33978384,33847312,481070315536
0,1528,1344,17977015247429887
0,133292287,133292287,1095586247184
0,4185600,4185600,17977015122519295
0,369586704,369455632,268726986
0,255,255,17977015115055104
0,8381695,8381695,285569738
0,4185600,4185600,17977015115055104
0,268726986,225794,17280563589
0,0,3,14599315595991812
0,917504,3840,515429922832
0,4185600,4185600,17977015247429887
0,285569738,268726986,1095586116112
0,0,0,17977015122519295
0,917504,917504,29186
0,4185600,4185600,17977015114141440
0,100694405,285569738,268726986
0,4,0,17977015115055104
0,202382084,917504,285569738
0,3399168,4185600,17977015115055104
0,33847312,67139973,67139973
0,1536,3,14599315595989252
0,133292287,202379524,12885127682
0,4185600,3399168,17977015114141440
0,369455632,4026882,532609792016
0,255,55,17977015247429887
0,8381695,3840,1095586116112
0,4185600,4185600,17977015122519295
0,29186,4026882,268726986
0,0,61,17977015115055104
0,3840,3840,285569738
0,4185600,4185600,17977015115055104
0,268726986,30722,12952041861
0,0,2,14599315595991300
0,917504,3840,360782852610
0,4185600,4185600,17977015114141440
0,285569738,29186,365077819906
0,0,0,17977015114141440
0,917504,3840,549789661200
0,4185600,4185600,17977015247429887
0,67139973,4092418,1095586116112
0,0,0,17977015122519295
0,202379524,3840,268726986
0,3399168,4185600,17977015115055104
0,225794,33847312,285569738
0,3,1345,17977015115055104
0,3840,133292287,67139973
0,4185600,4185600,14599315595989252
0,33847312,369455632,31047
0,1540,255,17977015172857856
0,133292287,8381695,481070184464
0,4185600,4185600,17977015247429887
0,369455632,268726986,1095586116112
0,255,0,17977015122519295
0,8381695,917504,268726986
0,4185600,4185600,17977015115055104
0,268726986,285569738,285569738
0,0,0,17977015115055104
0,917504,917504,17247271296
0,4185600,4185600,14106734386748160
0,285569738,67139973,17180160514
0,0,0,17977015114141440
0,917504,202379524,21475193346
0,4185600,3399168,17977015114141440
0,67139973,31047,268726986
0,3,0,17977015115055104
0,202381572,58720256,285569738
0,3399168,4185600,17977015115055104
0,6255106,555335,17247271296
0,94,0,14106734386748160
0,3840,58720256,17179898370
0,4185600,4185600,17977015114141440
0,6255106,31000,21475193346
0,95,0,17977015114141440
0,3840,0,34360031248
0,4185600,4185600,17977015247429887
0,33847312,31000,1095300903440
0,1544,0,17977015122519295
0,133292287,0,51607009296
0,4185600,4185600,17977015247429887
0,369455632,33847312,1095300903440
0,255,1336,17977015122519295
0,8381695,133292287,268726986
0,4185600,4185600,17977015115055104
0,268726986,369455632,285569738
0,0,255,17977015115055104
0,917504,8381695,17247271296
0,4185600,4185600,14106734386747648
0,285569738,268726986,17179898370
0,0,0,17977015114141440
0,917504,917504,566969530384
0,4185600,4185600,17977015247429887
0,67139973,285569738,1095586116112
0,0,0,17977015122519295
0,202379524,917504,268726986
0,3399168,4185600,17977015115055104
0,31047,67402112,285569738
0,0,4,17977015115055104
0,58720256,202382080,67139973
0,4185600,3284480,14599315595991300
0,33847312,33978384,515429922832
0,1528,1344,17977015247429887
0,133292287,133292287,1095586116112
0,4185600,4185600,17977015122519295
0,369455632,369586704,532609923088
0,255,255,17977015247429887
0,8381695,8381695,1095586247184
0,4185600,4185600,17977015122519295
0,268726986,268726986,566969792528
0,0,0,17977015247429887
0,917504,917504,1095586378256
0,4185600,4185600,17977015122519295
0,285569738,285569738,17180160514
0,0,0,17977015114141440
0,917504,917504,21475193346
0,4185600,4185600,17977015114141440
0,67402112,101087616,25770226178
0,4,4,17977015114141440
0,202382080,202379520,30065259010
0,3284480,3284480,17977015114141440
0,291330,100694038,34360291842
0,4,30576,17977015114141440
0,3840,255,38655324674
0,4185600,4185600,17977015114141440
0,356866,30742,12077514969123682306
0,5,30480,17977015114141440
0,62914560,3840,23420458072066
0,4185600,4185600,17977015114141440
0,219050889,356866,5595615850020239683
0,134217740,5,17977015177052181
0,786443,3840,17180160514
0,3284480,4185600,17977015114141440
0,31003,268726986,532609923088
0,0,0,17977015247429887
0,58720256,917504,1095586247184
0,4185600,4185600,17977015122519295
0,96577,285569738,268726986
0,0,0,17977015115055104
0,58720256,917504,285569738
0,4185600,4185600,17977015115055104
0,946690,67402112,17280563589
0,14,4,14599315595991300
0,3840,202382080,555335
0,4185600,3284480,17977015172857856
0,3633666,29186,31000
0,14,4,17977015114137600
0,3840,3840,31000
0,4185600,4185600,17977015114137600
0,291330,356866,481070184464
0,55,5,17977015247429887
0,3840,3840,1095586116112
0,4185600,4185600,17977015122519295
0,291330,292880,268726986
0,4,8,17977015115055104
0,3840,133292287,285569738
0,4185600,4185600,17977015115055104
0,291330,84242960,17247271296
0,4,255,14106734386748160
0,3840,8381695,515430053904
0,4185600,4185600,17977015247429887
0,3568130,67401744,1095586247184
0,4,12,17977015122519295
0,3840,133292287,268726986
0,4185600,4185600,17977015115055104
0,291330,84242960,285569738
0,9,255,17977015115055104
0,3840,8381695,17280956800
0,4185600,4185600,14106734386745600
0,4278548505,268726986,131323020736534
0,31,0,17977015114137855
0,70660,917504,130910603212822
0,4185600,4185600,17977015114137855
0,750082,285569738,532609923088
0,4,0,17977015247429887
0,3840,917504,1095586247184
0,4185600,4185600,17977015122519295
0,291330,67402112,268726986
0,11,4,17977015115055104
0,3840,202381568,285569738
0,4185600,3284480,17977015115055104
0,356866,29186,17280760192
0,5,4,14106734386747648
0,3840,3840,17180160514
0,4185600,4185600,17977015114141440
0,67467289,33847312,21475193346
0,2,1028,17977015114141440
0,66053,133292287,377991100432
0,4185600,4185600,17977015247429887
0,67401753,369455632,1095586247184
0,2,255,17977015122519295
0,1791,8381695,268726986
0,4185600,4185600,17977015115055104
0,335835664,268726986,285569738
0,4,0,17977015115055104
0,133292287,917504,17280563589
0,4185600,4185600,14599315595991812
0,352678416,285569738,412350707728
0,5,0,17977015247429887
0,8381695,917504,1095586116112
0,4185600,4185600,17977015122519295
0,291330,67139973,29186
0,4,0,17977015114141440
0,3840,202381572,268726986
0,4185600,3399168,17977015115055104
0,356866,33847312,285569738
0,5,1016,17977015115055104
0,3840,133292287,67139973
0,4185600,4185600,14599315595989252
0,291330,369455632,12885127682
0,4,255,17977015114141440
0,3840,8381695,429530576912
0,4185600,4185600,17977015247429887
0,356866,33978384,1095586116112
0,5,1020,17977015122519295
0,3840,133292287,268726986
0,4185600,4185600,17977015115055104
0,268726986,369586704,285569738
0,0,255,17977015115055104
0,917504,8381695,12952041861
0,4185600,4185600,14599315595991300
0,285569738,34109456,365078475266
0,0,1028,17977015114141440
0,917504,133292287,408028148226
0,4185600,4185600,17977015114141440
0,67139973,369717776,446710446096
0,54,255,17977015247429887
0,202381572,8381695,1095586116112
0,3399168,4185600,17977015122519295
0,151287824,291330,268726986
0,1,4,17977015115055104
0,134209791,3840,285569738
0,4185600,4185600,17977015115055104
0,291330,356866,67139973
0,4,5,14599315595989252
0,3840,3840,31047
0,4185600,4185600,17977015172857856
0,3961346,422402,377990969360
0,4,6,17977015247429887
0,3840,3840,1095586116112
0,4185600,4185600,17977015122519295
0,3961346,487938,268726986
0,60,7,17977015115055104
0,3840,3840,285569738
0,4185600,4185600,17977015115055104
0,16021831,553474,17247271296
0,4294967288,8,14106734386748160
0,58982399,3840,17180160514
0,4185600,4185600,17977015114141440
0,31041,619010,21475193346
0,0,9,17977015114141440
0,58720256,3840,268726986
0,4185600,4185600,17977015115055104
0,33847312,1341442,285569738
0,1240,2811941392,17977015115055104
0,133292287,3840,17247271296
0,4185600,4185600,14106734386748160
0,369455632,1406978,17179898370
0,255,5453,17977015114141440
0,8381695,3840,21475193346
0,4185600,4185600,17977015114141440
0,268726986,31043,34360031248
0,0,1302830840,17977015247429887
0,917504,62914581,1095300903440
0,4185600,4185600,17977015122519295
0,285569738,291330,68786878480
0,0,4,17977015247429887
0,917504,3840,1095300903440
0,4185600,4185600,17977015122519295
0,67402112,33978384,268726986
0,4,1020,17977015115055104
0,202381568,133292287,285569738
0,3284480,4185600,17977015115055104
0,291330,369586704,17247271296
0,4,255,14106734386747648
0,3840,8381695,17179898370
0,4185600,4185600,17977015114141440
0,291330,268726986,463890315280
0,4,0,17977015247429887
0,3840,917504,1095586116112
0,4185600,4185600,17977015122519295
0,225794,285569738,268726986
0,4,0,17977015115055104
0,3840,917504,285569738
0,4185600,4185600,17977015115055104
0,33847312,100694405,67139973
0,1264,4,14599315595991300
0,133292287,202381572,412350707728
0,4185600,3399168,17977015247429887
0,369455632,31047,1095586116112
0,255,0,17977015122519295
0,8381695,58720256,429530707984
0,4185600,4185600,17977015247429887
0,268726986,424257,1095586247184
0,0,0,17977015122519295
0,917504,58720256,463890577424
0,4185600,4185600,17977015247429887
0,285569738,555335,1095586378256
0,0,0,17977015122519295
0,917504,58720256,17180160514
0,4185600,4185600,17977015114141440
0,67139973,31000,21475193346
0,3,0,17977015114141440
0,202381572,0,25770226178
0,3399168,4185600,17977015114141440
0,33847312,31000,30065259010
0,1248,0,17977015114141440
0,133292287,0,34360291842
0,4185600,4185600,17977015114141440
0,369455632,33847312,38655324674
0,255,1008,17977015114141440
0,8381695,133292287,12077521360035018754
0,4185600,4185600,17977015114141440
0,268726986,369455632,23420458072066
0,0,255,17977015114141440
0,917504,8381695,5595615850020239683
0,4185600,4185600,17977015177052181
0,285569738,268726986,17180160514
0,0,0,17977015114141440
0,917504,917504,429530707984
0,4185600,4185600,17977015247429887
0,67402112,285569738,1095586247184
0,4,0,17977015122519295
0,202382080,917504,268726986
0,3284480,4185600,17977015115055104
0,291330,67402112,285569738
0,4,4,17977015115055104
0,3840,202382080,17280563589
0,4185600,3284480,14599315595991300
0,356866,33978384,555335
0,5,1016,17977015172857856
0,3840,133292287,31000
0,4185600,4185600,17977015114137600
0,268726986,369586704,31000
0,0,255,17977015114137600
0,917504,8381695,377990969360
0,4185600,4185600,17977015247429887
0,285569738,268726986,1095586116112
0,0,0,17977015122519295
0,917504,917504,268726986
0,4185600,4185600,17977015115055104
0,67402112,285569738,285569738
0,4,0,17977015115055104
0,202381568,917504,17247271296
0,3284480,4185600,14106734386748160
0,1443131920,101087616,412350838800
0,4,4,17977015247429887
0,134209791,202379520,1095586247184
0,4185600,3284480,17977015122519295
0,67138060,100694038,268726986
0,85,30576,17977015115055104
0,66073200,255,285569738
0,4185600,4185600,17977015115055104
0,30748,30742,17280956800
0,0,30480,14106734386745600
0,7397744,255,131323020736534
0,4185600,4185600,17977015114137855
0,29186,33978384,130910603212822
0,0,1020,17977015114137855
0,3840,133292287,429530707984
0,4185600,4185600,17977015247429887
0,30748,369586704,1095586247184
0,0,255,17977015122519295
0,7401584,8381695,268726986
0,4185600,4185600,17977015115055104
0,5730818,268726986,285569738
0,0,0,17977015115055104
0,3840,917504,17280760192
0,4185600,4185600,14106734386747648
0,424261,285569738,17180160514
0,464,0,17977015114141440
0,58720256,917504,21475193346
0,4185600,4185600,17977015114141440
0,7080263,100891008,274911885328
0,0,4,17977015247429887
0,58720256,202381568,1095586247184
0,4185600,3284480,17977015122519295
0,31047,291330,268726986
0,0,4,17977015115055104
0,58720256,3840,285569738
0,4185600,4185600,17977015115055104
0,33847312,356866,17280563589
0,1260,5,14599315595991812
0,133292287,3840,309271492624
0,4185600,4185600,17977015247429887
0,369455632,33978384,1095586116112
0,255,984,17977015122519295
0,8381695,133292287,29186
0,4185600,4185600,17977015114141440
0,33978384,369586704,268726986
0,1256,255,17977015115055104
0,133292287,8381695,285569738
0,4185600,4185600,17977015115055104
0,369586704,268726986,67139973
0,255,0,14599315595989252
0,8381695,917504,12885127682
0,4185600,4185600,17977015114141440
0,34109456,285569738,326451361808
0,1264,0,17977015247429887
0,133292287,917504,1095586116112
0,4185600,4185600,17977015122519295
0,369717776,100694405,268726986
0,255,4,17977015115055104
0,8381695,202382084,285569738
0,4185600,3399168,17977015115055104
0,291330,33847312,12952041861
0,4,992,14599315595991300
0,3840,133292287,408028475906
0,4185600,4185600,17977015114141440
0,356866,369455632,429503312386
0,5,255,17977015114141440
0,3840,8381695,343631230992
0,4185600,4185600,17977015247429887
0,422402,29186,1095586116112
0,6,0,17977015122519295
0,3840,3840,268726986
0,4185600,4185600,17977015115055104
0,487938,268726986,285569738
0,7,0,17977015115055104
0,3840,917504,67139973
0,4185600,4185600,14599315595989252
0,553474,285569738,31047
0,8,0,17977015172857856
0,3840,917504,274911754256
0,4185600,4185600,17977015247429887
0,619010,67139973,1095586116112
0,9,0,17977015122519295
0,3840,202379524,268726986
0,4185600,3399168,17977015115055104
0,291330,225794,285569738
0,4,3,17977015115055104
0,3840,3840,17247271296
0,4185600,4185600,14106734386748160
0,356866,33847312,17180160514
0,5,996,17977015114141440
0,3840,133292287,21475193346
0,4185600,4185600,17977015114141440
0,422402,369455632,268726986
0,6,255,17977015115055104
0,3840,8381695,285569738
0,4185600,4185600,17977015115055104
0,487938,268726986,17247271296
0,7,0,14106734386748160
0,3840,917504,17179898370
0,4185600,4185600,17977015114141440
0,553474,285569738,21475193346
0,8,0,17977015114141440
0,3840,917504,34360031248
0,4185600,4185600,17977015247429887
0,619010,67139973,1095300903440
0,9,3,17977015122519295
0,3840,202381572,85966747664
0,4185600,3399168,17977015247429887
0,1341442,6124034,1095300903440
0,2811922176,79,17977015122519295
0,3840,3840,268726986
0,4185600,4185600,17977015115055104
0,1406978,6124034,285569738
0,5453,93,17977015115055104
0,3840,3840,17247271296
0,4185600,4185600,14106734386747648
0,31043,33847312,17179898370
0,1302830840,1000,17977015114141440
0,62914581,133292287,360811100176
0,4185600,4185600,17977015247429887
0,291330,369455632,1095586116112
0,4,255,17977015122519295
0,3840,8381695,268726986
0,4185600,4185600,17977015115055104
0,291330,268726986,285569738
0,4,0,17977015115055104
0,3840,917504,67139973
0,4185600,4185600,14599315595991300
0,5730818,285569738,309271492624
0,4,0,17977015247429887
0,3840,917504,1095586116112
0,4185600,4185600,17977015122519295
0,5730818,67139973,326451492880
0,87,0,17977015247429887
0,3840,202379524,1095586247184
0,4185600,3399168,17977015122519295
0,31047,31047,360811362320
0,0,0,17977015247429887
0,58720256,58720256,1095586378256
0,4185600,4185600,17977015122519295
0,424257,1560311820,17180160514
0,0,128,17977015114141440
0,58720256,66077296,21475193346
0,4185600,4185600,17977015114141440
0,4026882,30748,25770226178
0,87,0,17977015114141440
0,3840,7397744,30065259010
0,4185600,4185600,17977015114141440
0,4026882,424261,34360291842
0,61,800,17977015114141440
0,3840,58720256,38655324674
0,4185600,4185600,17977015114141440
0,555335,12585287,12077527750946355202
0,0,0,17977015114141440
0,58720256,58720256,23420458072066
0,4185600,4185600,17977015114141440
0,31000,31047,5595615850020239683
0,0,0,17977015177052181
0,0,58720256,17180160514
0,4185600,4185600,17977015114141440
0,31000,33847312,326451492880
0,0,984,17977015247429887
0,0,133292287,1095586247184
0,4185600,4185600,17977015122519295
0,29186,369455632,268726986
0,61,255,17977015115055104
0,3840,8381695,285569738
0,4185600,4185600,17977015115055104
0,29186,268726986,17280563589
0,0,0,14599315595991300
0,3840,917504,555335
0,4185600,4185600,17977015172857856
0,29186,285569738,31000
0,0,0,17977015114137600
0,3840,917504,31000
0,4185600,4185600,17977015114137600
0,29186,67402112,274911754256
0,0,4,17977015247429887
0,3840,202382080,1095586116112
0,4185600,3284480,17977015122519295
0,291330,291330,268726986
0,62,4,17977015115055104
0,3840,3840,285569738
0,4185600,4185600,17977015115055104
0,356866,356866,17247271296
0,63,5,14106734386748160
0,3840,3840,309271623696
0,4185600,4185600,17977015247429887
0,268726986,268726986,1095586247184
0,0,0,17977015122519295
0,917504,917504,268726986
0,4185600,4185600,17977015115055104
0,285569738,285569738,285569738
0,0,0,17977015115055104
0,917504,917504,17280956800
0,4185600,4185600,14106734386745600
0,67139973,67402112,131323020736534
0,0,4,17977015114137855
0,202381572,202382080,130910603212822
0,3399168,3284480,17977015114137855
0,33847312,29186,326451492880
0,1288,4,17977015247429887
0,133292287,3840,1095586247184
0,4185600,4185600,17977015122519295
0,369455632,356866,268726986
0,255,5,17977015115055104
0,8381695,3840,285569738
0,4185600,4185600,17977015115055104
0,268726986,292880,17280760192
0,0,8,14106734386747648
0,917504,133292287,17180160514
0,4185600,4185600,17977015114141440
0,285569738,84242960,21475193346
0,0,255,17977015114141440
0,917504,8381695,171832670224
0,4185600,4185600,17977015247429887
0,67402112,67401744,1095586247184
0,4,16,17977015122519295
0,202382080,133292287,268726986
0,3284480,4185600,17977015115055104
0,33978384,84242960,285569738
0,1296,255,17977015115055104
0,133292287,8381695,17280563589
0,4185600,4185600,14599315595991812
0,369586704,268726986,206192277520
0,255,0,17977015247429887
0,8381695,917504,1095586116112
0,4185600,4185600,17977015122519295
0,268726986,285569738,29186
0,0,0,17977015114141440
0,917504,917504,268726986
0,4185600,4185600,17977015115055104
0,285569738,67402112,285569738
0,0,4,17977015115055104
0,917504,202381568,67139973
0,4185600,3284480,14599315595989252
0,101087616,29186,12885127682
0,4,4,17977015114141440
0,202379520,3840,223372146704
0,3284480,4185600,17977015247429887
0,100694038,33847312,1095586116112
0,30576,1004,17977015122519295
0,255,133292287,268726986
0,4185600,4185600,17977015115055104
0,30742,369455632,285569738
0,30480,255,17977015115055104
0,255,8381695,12952041861
0,4185600,4185600,14599315595991300
0,291330,268726986,429503377922
0,4,0,17977015114141440
0,3840,917504,433798345218
0,4185600,4185600,17977015114141440
0,356866,285569738,240552015888
0,5,0,17977015247429887
0,3840,917504,1095586116112
0,4185600,4185600,17977015122519295
0,33978384,67139973,268726986
0,1224,0,17977015115055104
0,133292287,202381572,285569738
0,4185600,3399168,17977015115055104
0,369586704,33847312,67139973
0,255,992,14599315595989252
0,8381695,133292287,31047
0,4185600,4185600,17977015172857856
0,268726986,369455632,171832539152
0,0,255,17977015247429887
0,917504,8381695,1095586116112
0,4185600,4185600,17977015122519295
0,285569738,33978384,268726986
0,0,996,17977015115055104
0,917504,133292287,285569738
0,4185600,4185600,17977015115055104
0,100694405,369586704,17247271296
0,4,255,14106734386748160
0,202382084,8381695,17180160514
0,3399168,4185600,17977015114141440
0,5534210,34109456,21475193346
0,62,1004,17977015114141440
0,3840,133292287,268726986
0,4185600,4185600,17977015115055104
0,5599746,369717776,285569738
0,63,255,17977015115055104
0,3840,8381695,17247271296
0,4185600,4185600,14106734386748160
0,29186,291330,17179898370
0,0,4,17977015114141440
0,3840,3840,21475193346
0,4185600,4185600,17977015114141440
0,5534210,356866,34360031248
0,84,5,17977015247429887
0,3840,3840,1095300903440
0,4185600,4185600,17977015122519295
0,5599746,422402,103146616848
0,85,6,17977015247429887
0,3840,3840,1095300903440
0,4185600,4185600,17977015122519295
0,33847312,487938,268726986
0,1232,7,17977015115055104
0,133292287,3840,285569738
0,4185600,4185600,17977015115055104
0,369455632,553474,17247271296
0,255,8,14106734386747648
0,8381695,3840,17179898370
0,4185600,4185600,17977015114141440
0,29186,619010,257731885072
0,0,9,17977015247429887
0,3840,3840,1095586116112
0,4185600,4185600,17977015122519295
0,268726986,1341442,268726986
0,0,2811942992,17977015115055104
0,917504,3840,285569738
0,4185600,4185600,17977015115055104
0,285569738,1406978,67139973
0,0,5453,14599315595991300
0,917504,3840,206192277520
0,4185600,4185600,17977015247429887
0,67139973,31043,1095586116112
0,0,1302830840,17977015122519295
0,202379524,62914581,223372277776
0,3399168,4185600,17977015247429887
0,5665282,291330,1095586247184
0,68,4,17977015122519295
0,3840,3840,257732147216
0,4185600,4185600,17977015247429887
0,5665282,33978384,1095586378256
0,86,996,17977015122519295
0,3840,133292287,17180160514
0,4185600,4185600,17977015114141440
0,33847312,369586704,21475193346
0,1233,255,17977015114141440
0,133292287,8381695,25770226178
0,4185600,4185600,17977015114141440
0,369455632,268726986,30065259010
0,255,0,17977015114141440
0,8381695,917504,34360291842
0,4185600,4185600,17977015114141440
0,268726986,285569738,38655324674
0,0,0,17977015114141440
0,917504,917504,12077534141857691650
0,4185600,4185600,17977015114141440
0,285569738,100694405,23420458072066
0,0,4,17977015114141440
0,917504,202381572,5595615850020239683
0,4185600,3399168,17977015177052181
0,67139973,31047,17180160514
0,0,0,17977015114141440
0,202379524,58720256,223372277776
0,3399168,4185600,17977015247429887
0,31047,424257,1095586247184
0,0,0,17977015122519295
0,58720256,58720256,268726986
0,4185600,4185600,17977015115055104
0,33847312,555335,285569738
0,1224,0,17977015115055104
0,133292287,58720256,17280563589
0,4185600,4185600,14599315595991300
0,369455632,31000,555335
0,255,0,17977015172857856
0,8381695,0,31000
0,4185600,4185600,17977015114137600
0,268726986,31000,31000
0,0,0,17977015114137600
0,917504,0,171832539152
0,4185600,4185600,17977015247429887
0,285569738,33847312,1095586116112
0,0,984,17977015122519295
0,917504,133292287,268726986
0,4185600,4185600,17977015115055104
0,67402112,369455632,285569738
0,4,255,17977015115055104
0,202382080,8381695,17247271296
0,3284480,4185600,14106734386748160
0,422402,268726986,206192408592
0,84,0,17977015247429887
0,3840,917504,1095586247184
0,4185600,4185600,17977015122519295
0,487938,285569738,268726986
0,85,0,17977015115055104
0,3840,917504,285569738
0,4185600,4185600,17977015115055104
0,268726986,67402112,17280956800
0,0,4,14106734386745600
0,917504,202382080,131323020736534
0,4185600,3284480,17977015114137855
0,285569738,33978384,130910603212822
0,0,992,17977015114137855
0,917504,133292287,223372277776
0,4185600,4185600,17977015247429887
0,100694400,369586704,1095586247184
0,4,255,17977015122519295
0,202381568,8381695,268726986
0,3284480,4185600,17977015115055104
0,33978384,268726986,285569738
0,1232,0,17977015115055104
0,133292287,917504,17280760192
0,4185600,4185600,14106734386747648
0,369586704,285569738,17180160514
0,255,0,17977015114141440
0,8381695,917504,21475193346
0,4185600,4185600,17977015114141440
0,268726986,101087616,68753455120
0,0,4,17977015247429887
0,917504,202379520,1095586247184
0,4185600,3284480,17977015122519295
0,285569738,100694038,268726986
0,0,30576,17977015115055104
0,917504,255,285569738
0,4185600,4185600,17977015115055104
0,101087616,30742,17280563589
0,4,30480,14599315595991812
0,202379520,255,103113062416
0,3284480,4185600,17977015247429887
0,100890646,33978384,1095586116112
0,30576,996,17977015122519295
0,255,133292287,29186
0,4185600,4185600,17977015114141440
0,50558998,369586704,268726986
0,30480,255,17977015115055104
0,255,8381695,285569738
0,4185600,4185600,17977015115055104
0,291330,268726986,67139973
0,4,0,14599315595989252
0,3840,917504,12885127682
0,4185600,4185600,17977015114141440
0,356866,285569738,120292931600
0,5,0,17977015247429887
0,3840,917504,1095586116112
0,4185600,4185600,17977015122519295
0,33978384,100891008,268726986
0,1208,4,17977015115055104
0,133292287,202381568,285569738
0,4185600,3284480,17977015115055104
0,369586704,291330,12952041861
0,255,4,14599315595991300
0,8381695,3840,433798410754
0,4185600,4185600,17977015114141440
0,268726986,356866,438093378050
0,0,5,17977015114141440
0,917504,3840,137472800784
0,4185600,4185600,17977015247429887
0,285569738,33978384,1095586116112
0,0,960,17977015122519295
0,917504,133292287,268726986
0,4185600,4185600,17977015115055104
0,100694405,369586704,285569738
0,4,255,17977015115055104
0,202382084,8381695,67139973
0,3399168,4185600,14599315595989252
0,29186,268726986,31047
0,0,0,17977015115055104
0,133292287,58720256,285569738
0,4185600,4185600,17977015115055104
0,369586704,946690,17247271296
0,255,14,14106734386747648
0,8381695,3840,17180160514
0,4185600,4185600,17977015114141440
0,422402,1929730,17180160514
0,6,14,17977015114141440
0,3840,3840,31047
0,4185600,4185600,17977015172857856
0,487938,291330,4294998018
0,7,29,17977015114141440
0,3840,3840,29186
0,4185600,4185600,17977015114141440
0,34109456,291330,29186
0,704,4,17977015114141440
0,133292287,3840,92427746768918
0,4185600,4185600,17977015114137600
0,369717776,291330,4294998018
0,255,4,17977015114141440
0,8381695,3840,29186
0,4185600,4185600,17977015114141440
0,422402,1864194,29186
0,6,4,17977015114141440
0,3840,3840,129811091781654
0,4185600,4185600,17977015114137603
0,487938,291330,18446744069414615042
0,7,9,17977015114141440
0,3840,3840,29186
0,4185600,4185600,17977015114141440
0,268726986,4278548505,29186
0,0,31,17977015114141440
0,917504,70660,29186
0,4185600,4185600,17977015114141440
0,285569738,750082,422402
0,0,4,17977015114141440
0,917504,3840,16527068002320
0,4185600,4185600,17977015247429887
0,134248837,291330,1095586116112
0,6,11,17977015122519295
0,202382084,3840,268726986
0,3399168,4185600,17977015115055104
0,31047,356866,285569738
0,0,5,17977015115055104
0,58720256,3840,17247271296
0,4185600,4185600,14106734386748160
0,29186,67467289,17179898370
0,255,2,17977015114141440
0,3840,66053,21475193346
0,4185600,4185600,17977015114141440
0,29186,67401753,34360031248
0,0,2,17977015247429887
0,3840,1791,1095300903440
0,4185600,4185600,17977015122519295
0,29186,335835664,268726986
0,0,4,17977015115055104
0,3840,133292287,285569738
0,4185600,4185600,17977015115055104
0,1864194,352678416,25836943749
0,0,5,14599315595991300
0,3840,8381695,30065062402
0,4185600,4185600,17977015114141440
0,1864194,291330,34360095234
0,28,4,17977015114141440
0,3840,3840,16458348656656
0,4185600,4185600,17977015247429887
0,424261,356866,1095586247184
0,1520,5,17977015122519295
0,58720256,3840,17180160514
0,4185600,4185600,17977015114141440
0,31047,291330,21475193346
0,0,4,17977015114141440
0,58720256,3840,268726986
0,4185600,4185600,17977015115055104
0,29186,356866,285569738
0,28,5,17977015115055104
0,3840,3840,17280563589
0,4185600,4185600,14599315595991812
0,2388482,268726986,163213963778
0,0,0,17977015114141440
0,3840,917504,339307622914
0,4185600,4185600,17977015114141440
0,604010508,285569738,154623963650
0,20,0,17977015114141440
0,66065008,917504,335012590082
0,4185600,4185600,17977015114141440
0,30748,67139973,129815369775126
0,0,28,17977015114137600
0,7397744,202381572,16492708263952
0,4185600,3399168,17977015247429887
0,6293831,151287824,1095586116112
0,4,1,17977015122519295
0,58720256,134209791,29186
0,4185600,4185600,17977015114141440
0,31047,291330,268726986
0,0,4,17977015115055104
0,58720256,3840,285569738
0,4185600,4185600,17977015115055104
0,604010532,1995266,67139973
0,256,4,14599315595989252
0,126747391,3840,31047
0,4185600,4185600,17977015172857856
0,486568464,1995266,555335
0,0,30,17977015172857856
0,134209791,3840,31000
0,4185600,4185600,17977015114137600
0,29186,16021831,31000
0,0,4294967288,17977015114137600
0,3840,58982399,16458348525584
0,4185600,4185600,17977015247429887
0,4278482969,31041,1095586116112
0,31,0,17977015122519295
0,70656,58720256,268726986
0,4185600,4185600,17977015115055104
0,356866,33847312,285569738
0,4,4368,17977015115055104
0,3840,133292287,17247271296
0,4185600,4185600,14106734386748160
0,291330,369455632,17180160514
0,0,255,17977015114141440
0,3840,8381695,21475193346
0,4185600,4185600,17977015114141440
0,291330,268726986,16492708395024
0,4,0,17977015247429887
0,3840,917504,1095586247184
0,4185600,4185600,17977015122519295
0,356866,285569738,268726986
0,5,0,17977015115055104
0,3840,917504,285569738
0,4185600,4185600,17977015115055104
0,33978384,67402112,17280956800
0,688,4,14106734386745600
0,133292287,202381568,131323020736534
0,4185600,3284480,17977015114137855
0,369586704,291330,130910603212822
0,255,4,17977015114137855
0,8381695,3840,17180160514
0,4185600,4185600,17977015114141440
0,422402,291330,21475193346
0,6,4,17977015114141440
0,3840,3840,16389629179920
0,4185600,4185600,17977015247429887
0,487938,225794,1095586247184
0,7,4,17977015122519295
0,3840,3840,268726986
0,4185600,4185600,17977015115055104
0,34109456,33847312,285569738
0,680,4392,17977015115055104
0,133292287,133292287,17280563589
0,4185600,4185600,14599315595991812
0,369717776,369455632,92427696240662
0,255,255,17977015114137855
0,8381695,8381695,16423988787216
0,4185600,4185600,17977015247429887
0,422402,268726986,1095586116112
0,6,0,17977015122519295
0,3840,917504,129957120669718
0,4185600,4185600,17977015114137603
0,487938,285569738,268726986
0,7,0,17977015115055104
0,3840,917504,285569738
0,4185600,4185600,17977015115055104
0,268726986,67139973,12952041861
0,0,3,14599315595989252
0,917504,202381572,339307491842
0,4185600,3399168,17977015114141440
0,285569738,33847312,29186
0,0,4376,17977015114141440
0,917504,133292287,330717557250
0,4185600,4185600,17977015114141440
0,134248837,369455632,335012459010
0,6,255,17977015114141440
0,202382084,8381695,326422524418
0,3399168,4185600,17977015114141440
0,1208834,268726986,16428283754512
0,4,0,17977015247429887
0,3840,917504,1095586116112
0,4185600,4185600,17977015122519295
0,1274370,285569738,29186
0,5,0,17977015114141440
0,3840,917504,268726986
0,4185600,4185600,17977015115055104
0,31047,67402112,285569738
0,0,4,17977015115055104
0,58720256,202382080,67139973
0,4185600,3284480,14599315595989252
0,555335,291330,31047
0,0,4,17977015172857856
0,58720256,3840,18446744070694336528
0,4185600,4185600,17977015248347391
0,31000,356866,304947360258
0,0,5,17977015114141440
0,0,3840,4294998018
0,4185600,4185600,17977015114141440
0,31000,268726986,330712707586
0,0,0,17977015114141440
0,0,917504,16441168656400
0,4185600,4185600,17977015247429887
0,33847312,285569738,1095586116112
0,680,0,17977015122519295
0,133292287,917504,268726986
0,4185600,4185600,17977015115055104
0,369455632,67402112,285569738
0,255,4,17977015115055104
0,8381695,202381568,12952041861
0,4185600,3284480,14599315595991300
0,268726986,906261008,16389629048848
0,0,4,17977015247429887
0,917504,134209791,1095586116112
0,4185600,4185600,17977015122519295
0,285569738,67138060,268726986
0,0,53,17977015115055104
0,917504,66073200,285569738
0,4185600,4185600,17977015115055104
0,67402112,30748,17247271296
0,4,0,14106734386748160
0,202382080,7397744,16428283885584
0,3284480,4185600,17977015247429887
0,29186,29186,1095586247184
0,4,0,17977015122519295
0,3840,3840,268726986
0,4185600,4185600,17977015115055104
0,356866,30748,285569738
0,5,0,17977015115055104
0,3840,7401584,17280956800
0,4185600,4185600,14106734386745600
0,292880,3633666,131323020933142
0,8,0,17977015114137855
0,133292287,3840,130910653741078
0,4185600,4185600,17977015114137855
0,84242960,424261,17180160514
0,255,464,17977015114141440
0,8381695,58720256,21475193346
0,4185600,4185600,17977015114141440
0,33978384,7080263,16320909703184
0,680,0,17977015247429887
0,133292287,58720256,1095586247184
0,4185600,4185600,17977015122519295
0,369586704,31047,268726986
0,255,0,17977015115055104
0,8381695,58720256,285569738
0,4185600,4185600,17977015115055104
0,268726986,33847312,17280563589
0,0,4388,14599315595991812
0,917504,133292287,16441171343376
0,4185600,4185600,17977015247429887
0,285569738,369455632,1095588803088
0,0,255,17977015122519295
0,917504,8381695,193276506626
0,4185600,4185600,17977015114141440
0,101087616,33978384,197571539458
0,4,4384,17977015114141440
0,202382080,133292287,29186
0,3284480,4185600,17977015114141440
0,422402,369586704,12885127682
0,6,255,17977015114141440
0,3840,8381695,193276506626
0,4185600,4185600,17977015114141440
0,487938,34109456,197571539458
0,7,4392,17977015114141440
0,3840,133292287,16355269310480
0,4185600,4185600,17977015247429887
0,268726986,369717776,1095586116112
0,0,255,17977015122519295
0,917504,8381695,12885127682
0,4185600,4185600,17977015114141440
0,285569738,291330,268726986
0,0,4,17977015115055104
0,917504,3840,285569738
0,4185600,4185600,17977015115055104
0,101087616,356866,12952041861
0,4,5,14599315595989252
0,202382080,3840,304945590786
0,3284480,4185600,17977015114141440
0,29186,422402,188981473794
0,6,6,17977015114141440
0,3840,3840,16359564277776
0,4185600,4185600,17977015247429887
0,487938,487938,1095586116112
0,7,7,17977015122519295
0,3840,3840,129811091781654
0,4185600,4185600,17977015114137603
0,422402,553474,268726986
0,18,8,17977015115055104
0,3840,3840,285569738
0,4185600,4185600,17977015115055104
0,225794,619010,12952041861
0,19,9,14599315595989252
0,3840,3840,31047
0,4185600,4185600,17977015172857856
0,422416,291330,16320909572112
0,6,4,17977015247429887
0,133292287,3840,1095586116112
0,4185600,4185600,17977015122519295
0,117928464,356866,268726986
0,3,5,17977015115055104
0,8381695,3840,285569738
0,4185600,4185600,17977015115055104
0,291330,422402,17247271296
0,4,6,14106734386748160
0,3840,3840,193273950722
0,4185600,4185600,17977015114141440
0,356866,487938,197568983554
0,5,7,17977015114141440
0,3840,3840,268726986
0,4185600,4185600,17977015115055104
0,422402,553474,285569738
0,6,8,17977015115055104
0,3840,3840,17280760192
0,4185600,4185600,14106734386747648
0,487938,619010,16355269441552
0,7,9,17977015247429887
0,3840,3840,1095586247184
0,4185600,4185600,17977015122519295
0,1341442,1341442,268726986
0,2811964832,2812042208,17977015115055104
0,3840,3840,285569738
0,4185600,4185600,17977015115055104
0,1406978,1406978,17280956800
0,5453,5453,14106734386745600
0,3840,3840,131323021129750
0,4185600,4185600,17977015114137855
0,12613955,31043,130910704400406
0,1302830848,1302830840,17977015114137855
0,62914581,62914581,17180160514
0,4185600,4185600,17977015114141440
0,291330,291330,21475193346
0,4,4,17977015114141440
0,3840,3840,16252190226448
0,4185600,4185600,17977015247429887
0,21344,291330,1095586247184
0,0,4,17977015122519295
0,16016,3840,268726986
0,0,4185600,17977015115055104
0,34,3633666,285569738
0,34,4,17977015115055104
0,34,3840,17280563589
0,34,4185600,14599315595991812
0,34,3633666,12885127682
0,34,55,17977015114141440
0,34,3840,34360291842
0,34,4185600,17977015114141440
0,34,31047,12888011266
0,34,0,17977015114141440
0,34,58720256,16286549833744
0,34,4185600,17977015247429887
0,34,424257,1095586116112
0,34,0,17977015122519295
0,34,58720256,34360291842
0,34,4185600,17977015114141440
0,34,2519554,268726986
0,34,55,17977015115055104
0,34,3840,285569738
0,34,4185600,17977015115055104
0,34,2519554,34426878341
0,34,38,14599315595989252
0,34,3840,188981998082
0,34,4185600,17977015114141440
0,34,555335,223341736450
0,34,0,17977015114141440
0,34,58720256,29186
0,34,4185600,17977015114141440
0,34,31000,3502594
0,34,0,17977015114141440
0,34,0,16290844801040
0,34,4185600,17977015247429887
0,34,31000,1095586116112
0,34,0,17977015122519295
0,34,0,268726986
0,34,4185600,17977015115055104
0,34,29186,285569738
0,34,38,17977015115055104
0,34,3840,67139973
0,34,4185600,14599315595989252
0,34,29186,31047
0,34,0,17977015172857856
0,34,3840,555335
0,34,4185600,17977015172857856
0,34,29186,31000
0,34,0,17977015114137600
0,34,3840,31000
0,34,4185600,17977015114137600
0,34,29186,16252190095376
0,34,0,17977015247429887
0,34,3840,1095586116112
0,34,4185600,17977015122519295
0,34,291330,268726986
0,34,39,17977015115055104
0,34,3840,285569738
0,34,4185600,17977015115055104
0,34,356866,17247271296
0,34,44,14106734386748160
0,34,3840,16286549964816
0,34,4185600,17977015247429887
0,34,268726986,1095586247184
0,34,0,17977015122519295
0,34,917504,268726986
0,34,4185600,17977015115055104
0,34,285569738,285569738
0,34,0,17977015115055104
0,34,917504,17280956800
0,34,4185600,14106734386745600
0,34,67139973,131323020736534
0,34,0,17977015114137855
0,34,202381572,130910603212822
0,34,3399168,17977015114137855
0,34,33847312,17180160514
0,34,4416,17977015114141440
0,34,133292287,21475193346
0,34,4185600,17977015114141440
0,34,369455632,16149111011344
0,34,255,17977015247429887
0,34,8381695,1095586247184
0,34,4185600,17977015122519295
0,34,268726986,268726986
0,34,0,17977015115055104
0,34,917504,285569738
0,34,4185600,17977015115055104
0,34,285569738,17280563589
0,34,0,14599315595991812
0,34,917504,201863688706
0,34,4185600,17977015114141440
0,34,67402112,16183470618640
0,34,4,17977015247429887
0,34,202382080,1095586116112
0,34,3284480,17977015122519295
0,34,33978384,268726986
0,34,4424,17977015115055104
0,34,133292287,285569738
0,34,4185600,17977015115055104
0,34,369586704,12952041861
0,34,255,14599315595991300
0,34,8381695,16200650487824
0,34,4185600,17977015247429887
0,34,268726986,1095586116112
0,34,0,17977015122519295
0,34,917504,29186
0,34,4185600,17977015114141440
0,34,285569738,268726986
0,34,0,17977015115055104
0,34,917504,285569738
0,34,4185600,17977015115055104
0,34,101087616,67139973
0,34,4,14599315595989252
0,34,202379520,223341867522
0,34,3284480,17977015114141440
0,34,100694038,231931802114
0,34,30576,17977015114141440
0,34,255,227636900354
0,34,4185600,17977015114141440
0,34,30742,236226834946
0,34,30480,17977015114141440
0,34,255,31047
0,34,4185600,17977015172857856
0,34,291330,16183470618640
0,34,4,17977015247429887
0,34,3840,1095586116112
0,34,4185600,17977015122519295
0,34,356866,268726986
0,34,5,17977015115055104
0,34,3840,285569738
0,34,4185600,17977015115055104
0,34,33978384,17247271296
0,34,4352,14106734386747648
0,34,133292287,17180160514
0,34,4185600,17977015114141440
0,34,369586704,17179898370
0,34,255,17977015114141440
0,34,8381695,16149110880272
0,34,4185600,17977015247429887
0,34,268726986,1095586116112
0,34,0,17977015122519295
0,34,917504,268726986
0,34,4185600,17977015115055104
0,34,285569738,285569738
0,34,0,17977015115055104
0,34,917504,17247271296
0,34,4185600,14106734386748160
0,34,100694405,17180094978
0,34,4,17977015114141440
0,34,202382084,21475193346
0,34,3399168,17977015114141440
0,34,3568130,34410362896
0,34,39,17977015247429887
0,34,3840,1095300903440
0,34,4185600,17977015122519295
0,34,3502594,268726986
0,34,44,17977015115055104
0,34,3840,285569738
0,34,4185600,17977015115055104
0,34,29186,17247205760
0,34,0,14106734386747648
0,34,3840,29186
0,34,4185600,17977015114141440
0,34,3568130,16097571272720
0,34,54,17977015247429887
0,34,3840,1095586116112
0,34,4185600,17977015122519295
0,34,3502594,268726986
0,34,53,17977015115055104
0,34,3840,285569738
0,34,4185600,17977015115055104
0,34,33847312,67139973
0,34,4360,14599315595991300
0,34,133292287,236223492610
0,34,4185600,17977015114141440
0,34,369455632,12885127682
0,34,255,17977015114141440
0,34,8381695,17180291586
0,34,4185600,17977015114141440
0,34,29186,231928525314
0,34,0,17977015114141440
0,34,3840,17180357122
0,34,4185600,17977015114141440
0,34,268726986,12885127682
0,34,0,17977015114141440
0,34,917504,12885127682
0,34,4185600,17977015114141440
0,34,285569738,31047
0,34,0,17977015172857856
0,34,917504,4295260162
0,34,4185600,17977015114141440
0,34,67139973,17180422658
0,34,0,17977015114141440
0,34,202379524,17180488194
0,34,3399168,17977015114141440
0,34,3437058,34360291842
0,34,45,17977015114141440
0,34,3840,16114751141904
0,34,4185600,17977015247429887
0,34,3437058,1095586116112
0,34,52,17977015122519295
0,34,3840,17180160514
0,34,4185600,17977015114141440
0,34,33847312,21475193346
0,34,4361,17977015114141440
0,34,133292287,17181209090
0,34,4185600,17977015114141440
0,34,369455632,21476241922
0,34,255,17977015114141440
0,34,8381695,16097571272720
0,34,4185600,17977015247429887
0,34,268726986,1095586116112
0,34,0,17977015122519295
0,34,917504,17180160514
0,34,4185600,17977015114141440
0,34,285569738,21475193346
0,34,0,17977015114141440
0,34,917504,17181995522
0,34,4185600,17977015114141440
0,34,67139973,21477028354
0,34,0,17977015114141440
0,34,202379524,137439244802
0,34,3399168,17977015114141440
0,34,31047,141734277634
0,34,0,17977015114141440
0,34,58720256,268726986
0,34,4185600,17977015115055104
0,34,33847312,285569738
0,34,4352,17977015115055104
0,34,133292287,17247271296
0,34,4185600,14106734386747648
0,34,369455632,17180160514
0,34,255,17977015114141440
0,34,8381695,17180160514
0,34,4185600,17977015114141440
0,34,268726986,25770160642
0,34,0,17977015114141440
0,34,917504,21475193346
0,34,4185600,17977015114141440
0,34,285569738,30065259010
0,34,0,17977015114141440
0,34,917504,30065455618
0,34,4185600,17977015114141440
0,34,67402112,12885127682
0,34,4,17977015114141440
0,34,202382080,12885914114
0,34,3284480,17977015114141440
0,34,422402,31047
0,34,54,17977015172857856
0,34,3840,17180750338
0,34,4185600,17977015114141440
0,34,487938,21475652098
0,34,53,17977015114141440
0,34,3840,42950423042
0,34,4185600,17977015114141440
0,34,268726986,64425521666
0,34,0,17977015114141440
0,34,917504,274877937989
0,34,4185600,17977015172857856
0,34,285569738,252212040
0,34,0,17977015177052160
0,34,917504,576460804062081929
0,34,4185600,14106734185152523
0,34,100694400,31003
0,34,4,17977015172857856
0,34,202381568,31041
0,34,3284480,17977015172857856
0,34,33978384,60130488834
0,34,4360,17977015114141440
0,34,133292287,60131340802
0,34,4185600,17977015114141440
0,34,369586704,115964408322
0,34,255,17977015114141440
0,34,8381695,17180160514
0,34,4185600,17977015114141440
0,34,268726986,17180160514
0,34,0,17977015114141440
0,34,917504,17180553730
0,34,4185600,17977015114141440
0,34,285569738,85899637250
0,34,0,17977015114141440
0,34,917504,90194670082
0,34,4185600,17977015114141440
0,34,101087616,268726986
0,34,4,17977015115055104
0,34,202379520,285569738
0,34,3284480,17977015115055104
0,34,100890646,43016812933
0,34,30576,14599315595991300
0,34,255,38655324674
0,34,4185600,17977015114141440
0,34,50558998,38655324674
0,34,30480,17977015114141440
0,34,255,38656700930
0,34,4185600,17977015114141440
0,34,291330,128851014146
0,34,4,17977015114141440
0,34,3840,4741643925829
0,34,4185600,17977015172857856
0,34,356866,31047
0,34,5,17977015172857856
0,34,3840,128849310210
0,34,4185600,17977015114141440
0,34,33978384,17180488194
0,34,4336,17977015114141440
0,34,133292287,4445992972
0,34,4185600,17977015180202608
0,34,369586704,30748
0,34,255,17977015121535344
0,34,8381695,16255303
0,34,4185600,17977015172857856
0,34,268726986,31047
0,34,0,17977015172857856
0,34,917504,38654996994
0,34,4185600,17977015114141440
0,34,285569738,137422534681
0,34,0,17977015114208260
0,34,917504,17180619266
0,34,4185600,17977015114141440
0,34,100694405,47244931586
0,34,4,17977015114141440
0,34,202382084,21475193346
0,34,3399168,17977015114141440
0,34,29186,8657401881
0,34,0,17977015114203653
0,34,3840,8657336345
0,34,4185600,17977015114139391
0,34,225794,17717031440
0,34,3,17977015247429887
0,34,3840,22028841488
0,34,4185600,17977015122519295
0,34,3633666,17180160514
0,34,0,17977015114141440
0,34,3840,21475193346
0,34,4185600,17977015114141440
0,34,33847312,17180160514
0,34,4344,17977015114141440
0,34,133292287,21475193346
0,34,4185600,17977015114141440
0,34,369455632,268726986
0,34,255,17977015115055104
0,34,8381695,285569738
0,34,4185600,17977015115055104
0,34,225794,17247271296
0,34,3,14106734386747648
0,34,3840,17180160514
0,34,4185600,17977015114141440
0,34,268726986,17180160514
0,34,0,17977015114141440
0,34,917504,25770160642
0,34,4185600,17977015114141440
0,34,285569738,21475193346
0,34,0,17977015114141440
0,34,917504,30065259010
0,34,4185600,17977015114141440
0,34,67139973,30065521154
0,34,3,17977015114141440
0,34,202379524,12885127682
0,34,3399168,17977015114141440
0,34,3961346,12885914114
0,34,52,17977015114141440
0,34,3840,31047
0,34,4185600,17977015172857856
0,34,3961346,17180750338
0,34,60,17977015114141440
0,34,3840,21475652098
0,34,4185600,17977015114141440
0,34,30722,47245390338
0,34,2,17977015114141440
0,34,3840,64425521666
0,34,4185600,17977015114141440
0,34,29186,274878003525
0,34,0,17977015172857856
0,34,3840,252212040
0,34,4185600,17977015177052160
0,34,4026882,576460804062081929
0,34,0,14106734185152523
0,34,3840,31003
0,34,4185600,17977015172857856
0,34,33847312,96577
0,34,4345,17977015172857856
0,34,133292287,60130488834
0,34,4185600,17977015114141440
0,34,369455632,60131471874
0,34,255,17977015114141440
0,34,8381695,124554342914
0,34,4185600,17977015114141440
0,34,268726986,17180160514
0,34,0,17977015114141440
0,34,917504,17180160514
0,34,4185600,17977015114141440
0,34,285569738,17181733378
0,34,0,17977015114141440
0,34,917504,38654996994
0,34,4185600,17977015114141440
0,34,67139973,137422534681
0,34,0,17977015114208260
0,34,202379524,17180619266
0,34,3399168,17977015114141440
0,34,31047,47244931586
0,34,0,17977015114141440
0,34,58720256,21475193346
0,34,4185600,17977015114141440
0,34,555335,8657401881
0,34,0,17977015114203653
0,34,58720256,8657336345
0,34,4185600,17977015114139391
0,34,31000,17515704848
0,34,0,17977015247429887
0,34,0,21827514896
0,34,4185600,17977015122519295
0,34,31000,17180160514
0,34,0,17977015114141440
0,34,0,21475193346
