#deviceId,InstantPower(mW),InstantTemperature(C),TotalEnergy(mJ)
3,113330,34,304398532920
3,113330,34,304398532920
3,113330,34,304398532920
3,113355,34,304398532920
3,113355,34,304398544190
3,113355,34,304398544190
3,113355,34,304398544190
3,113355,34,304398544190
3,113355,34,304398544190
3,113355,34,304398544190
3,113355,34,304398544190
3,113355,34,304398544190
3,113355,34,304398544190
3,113355,34,304398544190
3,113364,34,304398544190
3,113364,34,304398555453
3,113364,34,304398555453
3,113364,34,304398555453
3,113364,34,304398555453
3,113364,34,304398555453
3,113364,34,304398555453
3,113364,34,304398555453
3,113364,34,304398555453
3,113364,34,304398555453
3,113364,34,304398555453
3,113348,34,304398555453
3,113348,34,304398555453
3,113348,34,304398566730
3,113348,34,304398566730
3,113348,34,304398566730
3,113348,34,304398566730
3,113348,34,304398566730
3,113348,34,304398566730
3,113348,34,304398566730
3,113348,34,304398566730
3,113348,34,304398566730
3,113348,34,304398566730
3,113348,34,304398566730
3,113077,34,304398578022
3,113077,34,304398578022
3,113077,34,304398578022
3,113077,34,304398578022
3,113077,34,304398578022
3,113077,34,304398578022
3,113077,34,304398578022
3,113077,34,304398578022
3,113077,34,304398578022
3,113077,34,304398578022
3,113077,34,304398578022
3,113077,34,304398578022
3,113077,34,304398578022
3,113077,34,304398578022
3,113077,34,304398589507
3,113276,34,304398589507
3,113276,34,304398589507
3,113276,34,304398589507
3,113276,34,304398589507
3,113276,34,304398589507
3,113276,34,304398589507
3,113276,34,304398589507
3,113276,34,304398589507
3,113276,34,304398589507
3,113276,34,304398589507
3,113276,34,304398589507
3,113276,34,304398600779
3,113282,34,304398600779
3,113282,34,304398600779
3,113282,34,304398600779
3,113282,34,304398600779
3,113282,34,304398600779
3,113282,34,304398600779
3,113282,34,304398600779
3,113282,34,304398600779
3,113282,34,304398600779
3,113282,34,304398600779
3,113282,34,304398612218
3,113282,34,304398612218
3,113302,34,304398612218
3,113302,34,304398612218
3,113302,34,304398612218
3,113302,34,304398612218
3,113302,34,304398612218
3,113302,34,304398612218
3,113302,34,304398612218
3,113302,34,304398612218
3,113302,34,304398612218
3,113302,34,304398612218
3,113302,34,304398612218
3,113302,34,304398623306
3,113302,34,304398623306
3,113286,34,304398623306
3,113286,34,304398623306
3,113286,34,304398623306
3,113286,34,304398623306
3,113286,34,304398623306
3,113286,34,304398623306
3,113286,34,304398623306
3,113286,34,304398623306
3,113286,34,304398623306
3,113286,34,304398634568
3,113286,34,304398634568
3,113286,34,304398634568
3,113052,34,304398634568
3,113052,34,304398634568
3,113052,34,304398634568
3,113052,34,304398634568
3,113052,34,304398634568
3,113052,34,304398634568
3,113052,34,304398634568
3,113052,34,304398634568
3,113052,34,304398646062
3,113052,34,304398646062
3,113276,34,304398646062
3,113276,34,304398646062
3,113276,34,304398646062
3,113276,34,304398646062
3,113276,34,304398646062
3,113276,34,304398646062
3,113276,34,304398646062
3,113276,34,304398646062
3,113276,34,304398646062
3,113276,34,304398646062
3,113276,34,304398646062
3,113276,34,304398657334
3,113276,34,304398657334
3,113276,34,304398657334
3,113276,34,304398657334
3,113278,34,304398657334
3,113278,34,304398657334
3,113278,34,304398657334
3,113278,34,304398657334
3,113278,34,304398657334
3,113278,34,304398657334
3,113278,34,304398657334
3,113278,34,304398657334
3,113278,34,304398657334
3,113278,34,304398668683
3,113278,34,304398668683
3,113278,34,304398668683
3,113278,34,304398668683
3,113278,34,304398668683
3,113278,34,304398668683
3,113266,34,304398668683
3,113266,34,304398668683
3,113266,34,304398668683
3,113266,34,304398668683
3,113266,34,304398668683
3,113266,34,304398668683
3,113266,34,304398668683
3,113266,34,304398679857
3,113266,34,304398679857
3,113266,34,304398679857
3,113266,34,304398679857
3,113266,34,304398679857
3,113266,34,304398679857
3,113262,34,304398679857
3,113262,34,304398679857
3,113262,34,304398679857
3,113262,34,304398679857
3,113262,34,304398679857
3,113262,34,304398679857
3,113262,34,304398691216
3,113262,34,304398691216
3,113262,34,304398691216
3,113262,34,304398691216
3,113262,34,304398691216
3,113262,34,304398691216
3,113262,34,304398691216
3,113040,34,304398691216
3,113040,34,304398691216
3,113040,34,304398691216
3,113040,34,304398691216
3,113040,34,304398691216
3,113040,34,304398691216
3,113040,34,304398702427
3,113040,34,304398702427
3,113040,34,304398702427
3,113040,34,304398702427
3,113040,34,304398702427
3,113040,34,304398702427
3,113040,34,304398702427
3,113040,34,304398702427
3,113255,34,304398702427
3,113255,34,304398702427
3,113255,34,304398702427
3,113255,34,304398702427
3,113255,34,304398702427
3,113255,34,304398713994
3,113255,34,304398713994
3,113255,34,304398713994
3,113255,34,304398713994
3,113255,34,304398713994
3,113255,34,304398713994
3,113255,34,304398713994
3,113255,34,304398713994
3,113247,34,304398713994
3,113247,34,304398713994
3,113247,34,304398713994
3,113247,34,304398713994
3,113247,34,304398713994
3,113247,34,304398725171
3,113247,34,304398725171
3,113247,34,304398725171
3,113247,34,304398725171
3,113247,34,304398725171
3,113247,34,304398725171
3,113247,34,304398725171
3,113247,34,304398725171
3,113244,34,304398725171
3,113244,34,304398725171
3,113244,34,304398725171
3,113244,34,304398725171
3,113244,34,304398736613
3,113244,34,304398736613
3,113244,34,304398736613
3,113244,34,304398736613
3,113244,34,304398736613
3,113244,34,304398736613
3,113244,34,304398736613
3,113244,34,304398736613
3,113263,34,304398736613
3,113263,34,304398736613
3,113263,34,304398736613
3,113263,34,304398736613
3,113263,34,304398736613
3,113263,34,304398747897
3,113263,34,304398747897
3,113263,34,304398747897
3,113263,34,304398747897
3,113263,34,304398747897
3,113263,34,304398747897
3,113263,34,304398747897
3,113263,34,304398747897
3,113263,34,304398747897
3,113280,34,304398747897
3,113280,34,304398747897
3,113280,34,304398747897
3,113280,34,304398759001
3,113280,34,304398759001
3,113280,34,304398759001
3,113280,34,304398759001
3,113280,34,304398759001
3,113280,34,304398759001
3,113280,34,304398759001
3,113280,34,304398759001
3,113280,34,304398759001
3,113280,34,304398759001
3,113217,34,304398759001
3,113217,34,304398770505
3,113217,34,304398770505
3,113217,34,304398770505
3,113217,34,304398770505
3,113217,34,304398770505
3,113217,34,304398770505
3,113217,34,304398770505
3,113217,34,304398770505
3,113217,34,304398770505
3,113217,34,304398770505
3,113217,34,304398770505
3,113217,34,304398770505
3,113302,34,304398770505
3,113302,34,304398781776
3,113302,34,304398781776
3,113302,34,304398781776
3,113302,34,304398781776
3,113302,34,304398781776
3,113302,34,304398781776
3,113302,34,304398781776
3,113302,34,304398781776
3,113302,34,304398781776
3,113302,34,304398781776
3,113302,34,304398781776
3,113302,34,304398781776
3,113302,34,304398781776
3,113302,34,304398781776
3,113287,34,304398793040
3,113287,34,304398793040
3,113287,34,304398793040
3,113287,34,304398793040
3,113287,34,304398793040
3,113287,34,304398793040
3,113287,34,304398793040
3,113287,34,304398793040
3,113287,34,304398793040
3,113287,34,304398793040
3,113287,34,304398793040
3,113287,34,304398793040
3,113287,34,304398793040
3,113287,34,304398804296
3,113288,34,304398804296
3,113288,34,304398804296
3,113288,34,304398804296
3,113288,34,304398804296
3,113288,34,304398804296
3,113288,34,304398804296
3,113288,34,304398804296
3,113288,34,304398804296
3,113288,34,304398804296
3,113288,34,304398804296
3,113288,34,304398804296
3,113288,34,304398815570
3,113326,34,304398815570
3,113326,34,304398815570
3,113326,34,304398815570
3,113326,34,304398815570
3,113326,34,304398815570
3,113326,34,304398815570
3,113326,34,304398815570
3,113326,34,304398815570
3,113326,34,304398815570
3,113326,34,304398815570
3,113326,34,304398815570
3,113326,34,304398815570
3,113326,34,304398826954
3,113231,34,304398826954
3,113231,34,304398826954
3,113231,34,304398826954
3,113231,34,304398826954
3,113231,34,304398826954
3,113231,34,304398826954
3,113231,34,304398826954
3,113231,34,304398826954
3,113231,34,304398826954
3,113231,34,304398826954
3,113231,34,304398826954
3,113231,34,304398826954
3,113231,34,304398838373
3,113317,34,304398838373
3,113317,34,304398838373
3,113317,34,304398838373
3,113317,34,304398838373
3,113317,34,304398838373
3,113317,34,304398838373
3,113317,34,304398838373
3,113317,34,304398838373
3,113317,34,304398838373
3,113317,34,304398838373
3,113317,34,304398838373
3,113317,34,304398838373
3,113317,34,304398838373
3,113317,34,304398849737
3,113322,34,304398849737
3,113322,34,304398849737
3,113322,34,304398849737
3,113322,34,304398849737
3,113322,34,304398849737
3,113322,34,304398849737
3,113322,34,304398849737
3,113322,34,304398849737
3,113322,34,304398849737
3,113322,34,304398849737
3,113322,34,304398849737
3,113322,34,304398849737
3,113322,34,304398860904
3,113329,34,304398860904
3,113329,34,304398860904
3,113329,34,304398860904
3,113329,34,304398860904
3,113329,34,304398860904
3,113329,34,304398860904
3,113329,34,304398860904
3,113329,34,304398860904
3,113329,34,304398860904
3,113329,34,304398860904
3,113329,34,304398860904
3,113329,34,304398860904
3,113329,34,304398860904
3,113329,34,304398872176
3,113329,34,304398872176
3,113310,34,304398872176
3,113310,34,304398872176
3,113310,34,304398872176
3,113310,34,304398872176
3,113310,34,304398872176
3,113310,34,304398872176
3,113310,34,304398872176
3,113310,34,304398883460
3,113310,34,304398883460
3,113071,34,304398883460
3,113071,34,304398883460
3,113071,34,304398883460
3,113071,34,304398883460
3,113071,34,304398883460
3,113071,34,304398883460
3,113071,34,304398883460
3,113071,34,304398883460
3,113071,34,304398883460
3,113071,34,304398883460
3,113071,34,304398883460
3,113071,34,304398895039
3,113071,34,304398895039
3,113071,34,304398895039
3,113293,34,304398895039
3,113293,34,304398895039
3,113293,34,304398895039
3,113293,34,304398895039
3,113293,34,304398895039
3,113293,34,304398895039
3,113293,34,304398895039
3,113293,34,304398895039
3,113293,34,304398895039
3,113293,34,304398906217
3,113293,34,304398906217
3,113293,34,304398906217
3,113307,34,304398906217
3,113307,34,304398906217
3,113307,34,304398906217
3,113307,34,304398906217
3,113307,34,304398906217
3,113307,34,304398906217
3,113307,34,304398906217
3,113307,34,304398906217
3,113307,34,304398906217
3,113307,34,304398917492
3,113307,34,304398917492
3,113307,34,304398917492
3,113307,34,304398917492
3,113307,34,304398917492
3,113298,34,304398917492
3,113298,34,304398917492
3,113298,34,304398917492
3,113298,34,304398917492
3,113298,34,304398917492
3,113298,34,304398917492
3,113298,34,304398917492
3,113298,34,304398917492
3,113298,34,304398928773
3,113298,34,304398928773
3,113298,34,304398928773
3,113298,34,304398928773
3,113275,34,304398928773
3,113275,34,304398928773
3,113275,34,304398928773
3,113275,34,304398928773
3,113275,34,304398928773
3,113275,34,304398928773
3,113275,34,304398928773
3,113275,34,304398940025
3,113275,34,304398940025
3,113275,34,304398940025
3,113275,34,304398940025
3,113275,34,304398940025
3,113113,34,304398940025
3,113113,34,304398940025
3,113113,34,304398940025
3,113113,34,304398940025
3,113113,34,304398940025
3,113113,34,304398940025
3,113113,34,304398940025
3,113113,34,304398951447
3,113113,34,304398951447
3,113113,34,304398951447
3,113113,34,304398951447
3,113113,34,304398951447
3,113113,34,304398951447
3,113113,34,304398951447
3,113307,34,304398951447
3,113307,34,304398951447
3,113307,34,304398951447
3,113307,34,304398951447
3,113307,34,304398951447
3,113307,34,304398951447
3,113307,34,304398962814
3,113307,34,304398962814
3,113307,34,304398962814
3,113307,34,304398962814
3,113307,34,304398962814
3,113307,34,304398962814
3,113307,34,304398962814
3,113307,34,304398962814
3,113292,34,304398962814
3,113292,34,304398962814
3,113292,34,304398962814
3,113292,34,304398962814
3,113292,34,304398962814
3,113292,34,304398974181
3,113292,34,304398974181
3,113292,34,304398974181
3,113292,34,304398974181
3,113292,34,304398974181
3,113292,34,304398974181
3,113292,34,304398974181
3,113292,34,304398974181
3,113292,34,304398974181
3,113305,34,304398974181
3,113305,34,304398974181
3,113305,34,304398974181
3,113305,34,304398974181
3,113305,34,304398985330
3,113305,34,304398985330
3,113305,34,304398985330
3,113305,34,304398985330
3,113305,34,304398985330
3,113305,34,304398985330
3,113305,34,304398985330
3,113305,34,304398985330
3,113305,34,304398985330
3,113308,34,304398985330
3,113308,34,304398985330
3,113308,34,304398985330
3,113308,34,304398996592
3,113308,34,304398996592
3,113308,34,304398996592
3,113308,34,304398996592
3,113308,34,304398996592
3,113308,34,304398996592
3,113308,34,304398996592
3,113308,34,304398996592
3,113308,34,304398996592
3,113080,34,304398996592
3,113080,34,304398996592
3,113080,34,304398996592
3,113080,34,304399007847
3,113080,34,304399007847
3,113080,34,304399007847
3,113080,34,304399007847
3,113080,34,304399007847
3,113080,34,304399007847
3,113080,34,304399007847
3,113080,34,304399007847
3,113080,34,304399007847
3,113080,34,304399007847
3,113080,34,304399007847
3,113080,34,304399007847
3,113080,34,304399007847
3,113286,34,304399019373
3,113286,34,304399019373
3,113286,34,304399019373
3,113286,34,304399019373
3,113286,34,304399019373
3,113286,34,304399019373
3,113286,34,304399019373
3,113286,34,304399019373
3,113286,34,304399019373
3,113286,34,304399019373
3,113286,34,304399019373
3,113286,34,304399019373
3,113286,34,304399019373
3,113286,34,304399030688
3,113288,34,304399030688
3,113288,34,304399030688
3,113288,34,304399030688
3,113288,34,304399030688
3,113288,34,304399030688
3,113288,34,304399030688
3,113288,34,304399030688
3,113288,34,304399030688
3,113288,34,304399030688
3,113288,34,304399041910
3,113279,34,304399041910
3,113279,34,304399041910
3,113279,34,304399041910
3,113279,34,304399041910
3,113279,34,304399041910
3,113279,34,304399041910
3,113279,34,304399041910
3,113279,34,304399041910
3,113279,34,304399041910
3,113279,34,304399041910
3,113279,34,304399053173
3,113279,34,304399053173
3,113299,34,304399053173
3,113299,34,304399053173
3,113299,34,304399053173
3,113299,34,304399053173
3,113299,34,304399053173
3,113299,34,304399053173
3,113299,34,304399053173
3,113299,34,304399053173
3,113299,34,304399053173
3,113299,34,304399053173
3,113299,34,304399064435
3,113299,34,304399064435
3,113081,34,304399064435
3,113081,34,304399064435
3,113081,34,304399064435
3,113081,34,304399064435
3,113081,34,304399064435
3,113081,34,304399064435
3,113081,34,304399064435
3,113081,34,304399064435
3,113081,34,304399064435
3,113081,34,304399064435
3,113081,34,304399064435
3,113081,34,304399075933
3,113225,34,304399075933
3,113225,34,304399075933
3,113225,34,304399075933
3,113225,34,304399075933
3,113225,34,304399075933
3,113225,34,304399075933
3,113225,34,304399075933
3,113225,34,304399075933
3,113225,34,304399075933
3,113225,34,304399075933
3,113225,34,304399075933
3,113225,34,304399075933
3,113225,34,304399075933
3,113225,34,304399087206
3,113225,34,304399087206
3,113237,34,304399087206
3,113237,34,304399087206
3,113237,34,304399087206
3,113237,34,304399087206
3,113237,34,304399087206
3,113237,34,304399087206
3,113237,34,304399087206
3,113237,34,304399087206
3,113237,34,304399087206
3,113237,34,304399087206
3,113237,34,304399098497
3,113237,34,304399098497
3,113237,34,304399098497
3,113265,34,304399098497
3,113265,34,304399098497
3,113265,34,304399098497
3,113265,34,304399098497
3,113265,34,304399098497
3,113265,34,304399098497
3,113265,34,304399098497
3,113265,34,304399098497
3,113265,34,304399098497
3,113265,34,304399109741
3,113265,34,304399109741
3,113265,34,304399109741
3,113258,34,304399109741
3,113258,34,304399109741
3,113258,34,304399109741
3,113258,34,304399109741
3,113258,34,304399109741
3,113258,34,304399109741
3,113258,34,304399109741
3,113258,34,304399109741
3,113258,34,304399109741
3,113258,34,304399121013
3,113258,34,304399121013
3,113258,34,304399121013
3,113258,34,304399121013
3,113258,34,304399121013
3,113256,34,304399121013
3,113256,34,304399121013
3,113256,34,304399121013
3,113256,34,304399121013
3,113256,34,304399121013
3,113256,34,304399121013
3,113256,34,304399121013
3,113256,34,304399132352
3,113256,34,304399132352
3,113256,34,304399132352
3,113256,34,304399132352
3,113256,34,304399132352
3,113243,34,304399132352
3,113243,34,304399132352
3,113243,34,304399132352
3,113243,34,304399132352
3,113243,34,304399132352
3,113243,34,304399132352
3,113243,34,304399132352
3,113243,34,304399143896
3,113243,34,304399143896
3,113243,34,304399143896
3,113243,34,304399143896
3,113243,34,304399143896
3,113243,34,304399143896
3,113243,34,304399143896
3,113273,34,304399143896
3,113273,34,304399143896
3,113273,34,304399143896
3,113273,34,304399143896
3,113273,34,304399143896
3,113273,34,304399143896
3,113273,34,304399143896
3,113273,34,304399155204
3,113273,34,304399155204
3,113273,34,304399155204
3,113273,34,304399155204
3,113273,34,304399155204
3,113273,34,304399155204
3,113255,34,304399155204
3,113255,34,304399155204
3,113255,34,304399155204
3,113255,34,304399155204
3,113255,34,304399155204
3,113255,34,304399155204
3,113255,34,304399166320
3,113255,34,304399166320
3,113255,34,304399166320
3,113255,34,304399166320
3,113255,34,304399166320
3,113255,34,304399166320
3,113249,34,304399166320
3,113249,34,304399166320
3,113249,34,304399166320
3,113249,34,304399166320
3,113249,34,304399166320
3,113249,34,304399166320
3,113249,34,304399166320
3,113249,34,304399177585
3,113249,34,304399177585
3,113249,34,304399177585
3,113249,34,304399177585
3,113249,34,304399177585
3,113249,34,304399177585
3,113249,34,304399177585
3,113249,34,304399177585
3,113231,34,304399177585
3,113231,34,304399177585
3,113231,34,304399177585
3,113231,34,304399177585
3,113231,34,304399177585
3,113231,34,304399188848
3,113231,34,304399188848
3,113231,34,304399188848
3,113231,34,304399188848
3,113231,34,304399188848
3,113231,34,304399188848
3,113231,34,304399188848
3,113163,34,304399188848
3,113163,34,304399188848
3,113163,34,304399188848
3,113163,34,304399188848
3,113163,34,304399200362
3,113163,34,304399200362
3,113163,34,304399200362
3,113163,34,304399200362
3,113163,34,304399200362
3,113163,34,304399200362
3,113163,34,304399200362
3,113248,34,304399200362
3,113248,34,304399200362
3,113248,34,304399200362
3,113248,34,304399200362
3,113248,34,304399200362
3,113248,34,304399211716
3,113248,34,304399211716
3,113248,34,304399211716
3,113248,34,304399211716
3,113248,34,304399211716
3,113248,34,304399211716
3,113248,34,304399211716
3,113248,34,304399211716
3,113248,34,304399211716
3,113255,34,304399211716
3,113255,34,304399211716
3,113255,34,304399211716
3,113255,34,304399211716
3,113255,34,304399211716
3,113255,34,304399223096
3,113255,34,304399223096
3,113255,34,304399223096
3,113255,34,304399223096
3,113255,34,304399223096
3,113255,34,304399223096
3,113255,34,304399223096
3,113255,34,304399223096
3,113255,34,304399223096
3,113255,34,304399223096
3,113255,34,304399223096
3,113255,34,304399223096
3,113255,34,304399223096
3,113255,34,304399223096
3,113267,34,304399223096
3,113267,34,304399223096
3,113267,34,304399223096
3,113329,34,304398317863
3,113329,34,304398317863
3,113329,34,304398317863
3,113329,34,304398317863
3,113329,34,304398317863
3,113329,34,304398317863
3,113329,34,304398317863
3,113291,34,304398329125
3,113291,34,304398329125
3,113291,34,304398329125
3,113291,34,304398329125
3,113291,34,304398329125
3,113291,34,304398329125
3,113291,34,304398329125
3,113291,34,304398329125
3,113291,34,304398329125
3,113291,34,304398329125
3,113291,34,304398329125
3,113291,34,304398329125
3,113291,34,304398340643
3,113320,34,304398340643
3,113320,34,304398340643
3,113320,34,304398340643
3,113320,34,304398340643
3,113320,34,304398340643
3,113320,34,304398340643
3,113320,34,304398340643
3,113320,34,304398340643
3,113320,34,304398340643
3,113320,34,304398340643
3,113320,34,304398340643
3,113320,34,304398351921
3,113313,34,304398351921
3,113313,34,304398351921
3,113313,34,304398351921
3,113313,34,304398351921
3,113313,34,304398351921
3,113313,34,304398351921
3,113313,34,304398351921
3,113313,34,304398351921
3,113313,34,304398351921
3,113313,34,304398351921
3,113313,34,304398351921
3,113313,34,304398363183
3,113296,34,304398363183
3,113296,34,304398363183
3,113296,34,304398363183
3,113296,34,304398363183
3,113296,34,304398363183
3,113296,34,304398363183
3,113296,34,304398363183
3,113296,34,304398363183
3,113296,34,304398363183
3,113296,34,304398363183
3,113296,34,304398363183
3,113296,34,304398363183
3,113296,34,304398363183
3,113296,34,304398363183
3,113296,34,304398363183
3,113296,34,304398374559
3,113299,34,304398374559
3,113299,34,304398374559
3,113299,34,304398374559
3,113299,34,304398374559
3,113299,34,304398374559
3,113299,34,304398374559
3,113299,34,304398374559
3,113299,34,304398374559
3,113299,34,304398374559
3,113299,34,304398374559
3,113299,34,304398374559
3,113299,34,304398374559
3,113299,34,304398385689
3,113299,34,304398385689
3,113303,34,304398385689
3,113303,34,304398385689
3,113303,34,304398385689
3,113303,34,304398385689
3,113303,34,304398385689
3,113303,34,304398385689
3,113303,34,304398385689
3,113303,34,304398385689
3,113303,34,304398385689
3,113303,34,304398397086
3,113303,34,304398397086
3,113228,34,304398397086
3,113228,34,304398397086
3,113228,34,304398397086
3,113228,34,304398397086
3,113228,34,304398397086
3,113228,34,304398397086
3,113228,34,304398397086
3,113228,34,304398397086
3,113228,34,304398397086
3,113228,34,304398397086
3,113228,34,304398397086
3,113228,34,304398408650
3,113228,34,304398408650
3,113308,34,304398408650
3,113308,34,304398408650
3,113308,34,304398408650
3,113308,34,304398408650
3,113308,34,304398408650
3,113308,34,304398408650
3,113308,34,304398408650
3,113308,34,304398408650
3,113308,34,304398408650
3,113308,34,304398419739
3,113308,34,304398419739
3,113289,34,304398419739
3,113289,34,304398419739
3,113289,34,304398419739
3,113289,34,304398419739
3,113289,34,304398419739
3,113289,34,304398419739
3,113289,34,304398419739
3,113289,34,304398419739
3,113289,34,304398419739
3,113289,34,304398431011
3,113289,34,304398431011
3,113289,34,304398431011
3,113289,34,304398431011
3,113280,34,304398431011
3,113280,34,304398431011
3,113280,34,304398431011
3,113280,34,304398431011
3,113280,34,304398431011
3,113280,34,304398431011
3,113280,34,304398431011
3,113280,34,304398431011
3,113280,34,304398442272
3,113280,34,304398442272
3,113280,34,304398442272
3,113280,34,304398442272
3,113285,34,304398442272
3,113285,34,304398442272
3,113285,34,304398442272
3,113285,34,304398442272
3,113285,34,304398442272
3,113285,34,304398442272
3,113285,34,304398442272
3,113285,34,304398442272
3,113285,34,304398442272
3,113285,34,304398453606
3,113285,34,304398453606
3,113285,34,304398453606
3,113068,34,304398453606
3,113068,34,304398453606
3,113068,34,304398453606
3,113068,34,304398453606
3,113068,34,304398453606
3,113068,34,304398453606
3,113068,34,304398453606
3,113068,34,304398453606
3,113068,34,304398465075
3,113068,34,304398465075
3,113068,34,304398465075
3,113068,34,304398465075
3,113068,34,304398465075
3,113068,34,304398465075
3,113068,34,304398465075
3,113316,34,304398465075
3,113316,34,304398465075
3,113316,34,304398465075
3,113316,34,304398465075
3,113316,34,304398465075
3,113316,34,304398465075
3,113316,34,304398465075
3,113316,34,304398476476
3,113316,34,304398476476
3,113316,34,304398476476
3,113316,34,304398476476
3,113316,34,304398476476
3,113316,34,304398476476
3,113316,34,304398476476
3,113327,34,304398476476
3,113327,34,304398476476
3,113327,34,304398476476
3,113327,34,304398476476
3,113327,34,304398476476
3,113327,34,304398476476
3,113327,34,304398476476
3,113327,34,304398487604
3,113327,34,304398487604
3,113327,34,304398487604
3,113327,34,304398487604
3,113327,34,304398487604
3,113327,34,304398487604
3,113327,34,304398487604
3,113327,34,304398487604
3,113372,34,304398487604
3,113372,34,304398487604
3,113372,34,304398487604
3,113372,34,304398498869
3,113372,34,304398498869
3,113372,34,304398498869
3,113372,34,304398498869
3,113372,34,304398498869
3,113372,34,304398498869
3,113372,34,304398498869
3,113366,34,304398498869
3,113366,34,304398498869
3,113366,34,304398498869
3,113366,34,304398498869
3,113366,34,304398498869
3,113366,34,304398510129
3,113366,34,304398510129
3,113366,34,304398510129
3,113366,34,304398510129
3,113366,34,304398510129
3,113366,34,304398510129
3,113366,34,304398510129
3,113366,34,304398510129
3,113366,34,304398510129
3,113097,34,304398510129
3,113097,34,304398510129
3,113097,34,304398510129
3,113097,34,304398521633
3,113097,34,304398521633
3,113097,34,304398521633
3,113097,34,304398521633
3,113097,34,304398521633
3,113097,34,304398521633
3,113097,34,304398521633
3,113097,34,304398521633
3,113097,34,304398521633
3,113330,34,304398521633
3,113330,34,304398521633
3,113330,34,304398532920
3,113330,34,304398532920
3,113330,34,304398532920
3,113330,34,304398532920
3,113330,34,304398532920
3,113330,34,304398532920
3,113330,34,304398532920
3,113330,34,304398532920
3,29186,29186,17180160514
3,0,0,17977015122519295
3,0,3840,268726986
3,4185600,4185600,17977015115055104
3,31000,1406978,285569738
3,0,5239,17977015115055104
3,0,3840,17247271296
3,4185600,4185600,14106734386748160
3,31000,31043,17180160514
3,0,2002755320,17977015114141440
3,0,62914580,21475193346
3,4185600,4185600,17977015114141440
3,31000,291330,6253506361360
3,0,4,17977015247429887
3,0,3840,1095586247184
3,4185600,4185600,17977015122519295
3,31000,33978384,268726986
3,0,1612,17977015115055104
3,0,133292287,285569738
3,4185600,4185600,17977015115055104
3,31000,369586704,17280956800
3,0,255,14106734386745600
3,0,8381695,131323020736534
3,4185600,4185600,17977015114137855
3,31000,268726986,130910603212822
3,0,0,17977015114137855
3,0,917504,17180160514
3,4185600,4185600,17977015114141440
3,31000,285569738,21475193346
3,0,0,17977015114141440
3,0,917504,6150427146256
3,4185600,4185600,17977015247429887
3,31000,100694405,1095586247184
3,0,4,17977015122519295
3,0,202381572,268726986
3,4185600,3399168,17977015115055104
3,31000,555335,285569738
3,0,0,17977015115055104
3,0,58720256,17280563589
3,4185600,4185600,14599315595991812
3,33847312,31000,92427696240662
3,2060,0,17977015114137855
3,133292287,0,6184786753552
3,4185600,4185600,17977015247429887
3,369455632,31000,1095586116112
3,255,0,17977015122519295
3,8381695,0,129957120669718
3,4185600,4185600,17977015114137603
3,268726986,33847312,268726986
3,0,1600,17977015115055104
3,917504,133292287,285569738
3,4185600,4185600,17977015115055104
3,285569738,369455632,12952041861
3,0,255,14599315595989252
3,917504,8381695,339307491842
3,4185600,4185600,17977015114141440
3,67402112,268726986,29186
3,4,0,17977015114141440
3,202381568,917504,330717557250
3,3284480,4185600,17977015114141440
3,291330,285569738,335012459010
3,4,0,17977015114141440
3,3840,917504,326422524418
3,4185600,4185600,17977015114141440
3,291330,67402112,6189081720848
3,4,4,17977015247429887
3,3840,202382080,1095586116112
3,4185600,3284480,17977015122519295
3,291330,33978384,29186
3,4,1608,17977015114141440
3,3840,133292287,268726986
3,4185600,4185600,17977015115055104
3,291330,369586704,285569738
3,4,255,17977015115055104
3,3840,8381695,67139973
3,4185600,4185600,14599315595989252
3,291330,268726986,31047
3,4,0,17977015172857856
3,3840,917504,18446744070694336528
3,4185600,4185600,17977015248347391
3,4616706,285569738,304947360258
3,4,0,17977015114141440
3,3840,917504,4294998018
3,4185600,4185600,17977015114141440
3,555335,101087616,330712707586
3,0,4,17977015114141440
3,58720256,202379520,6201966622736
3,4185600,3284480,17977015247429887
3,31000,100694038,1095586116112
3,0,30576,17977015122519295
3,0,255,268726986
3,4185600,4185600,17977015115055104
3,31000,30742,285569738
3,0,30480,17977015115055104
3,0,255,12952041861
3,4185600,4185600,14599315595991300
3,33847312,33978384,6150427015184
3,2088,1612,17977015247429887
3,133292287,133292287,1095586116112
3,4185600,4185600,17977015122519295
3,369455632,369586704,268726986
3,255,255,17977015115055104
3,8381695,8381695,285569738
3,4185600,4185600,17977015115055104
3,268726986,268726986,17247271296
3,0,0,14106734386748160
3,917504,917504,6189081851920
3,4185600,4185600,17977015247429887
3,285569738,285569738,1095586247184
3,0,0,17977015122519295
3,917504,917504,268726986
3,4185600,4185600,17977015115055104
3,67402112,100891008,285569738
3,4,4,17977015115055104
3,202382080,202381568,17280956800
3,3284480,3284480,14106734386745600
3,33978384,291330,131323020933142
3,2096,4,17977015114137855
3,133292287,3840,130910653741078
3,4185600,4185600,17977015114137855
3,369586704,356866,17180160514
3,255,5,17977015114141440
3,8381695,3840,21475193346
3,4185600,4185600,17977015114141440
3,268726986,33978384,6081707669520
3,0,1576,17977015247429887
3,917504,133292287,1095586247184
3,4185600,4185600,17977015122519295
3,285569738,369586704,268726986
3,0,255,17977015115055104
3,917504,8381695,285569738
3,4185600,4185600,17977015115055104
3,101087616,268726986,17280563589
3,4,0,14599315595991812
3,202379520,917504,6201969309712
3,3284480,4185600,17977015247429887
3,100694038,285569738,1095588803088
3,30576,0,17977015122519295
3,255,917504,193276506626
3,4185600,4185600,17977015114141440
3,30742,100694405,197571539458
3,30480,4,17977015114141440
3,255,202382084,29186
3,4185600,3399168,17977015114141440
3,291330,33847312,12885127682
3,4,1584,17977015114141440
3,3840,133292287,193276506626
3,4185600,4185600,17977015114141440
3,356866,369455632,197571539458
3,5,255,17977015114141440
3,3840,8381695,6116067276816
3,4185600,4185600,17977015247429887
3,33978384,29186,1095586116112
3,1696,0,17977015122519295
3,133292287,3840,12885127682
3,4185600,4185600,17977015114141440
3,369586704,268726986,268726986
3,255,0,17977015115055104
3,8381695,917504,285569738
3,4185600,4185600,17977015115055104
3,268726986,285569738,12952041861
3,0,0,14599315595989252
3,917504,917504,304945590786
3,4185600,4185600,17977015114141440
3,285569738,67139973,188981473794
3,0,0,17977015114141440
3,917504,202379524,6120362244112
3,4185600,3399168,17977015247429887
3,100694405,225794,1095586116112
3,4,3,17977015122519295
3,202382084,3840,129811091781654
3,3399168,4185600,17977015114137603
3,33847312,33847312,268726986
3,1704,1588,17977015115055104
3,133292287,133292287,285569738
3,4185600,4185600,17977015115055104
3,369455632,369455632,12952041861
3,255,255,14599315595989252
3,8381695,8381695,31047
3,4185600,4185600,17977015172857856
3,29186,268726986,6081707538448
3,0,0,17977015247429887
3,3840,917504,1095586116112
3,4185600,4185600,17977015122519295
3,268726986,285569738,268726986
3,0,0,17977015115055104
3,917504,917504,285569738
3,4185600,4185600,17977015115055104
3,285569738,67139973,17247271296
3,0,3,14106734386748160
3,917504,202381572,193273950722
3,4185600,3399168,17977015114141440
3,67139973,6124034,197568983554
3,0,92,17977015114141440
3,202379524,3840,268726986
3,3399168,4185600,17977015115055104
3,29186,6124034,285569738
3,70,93,17977015115055104
3,3840,3840,17280760192
3,4185600,4185600,14106734386747648
3,33847312,33847312,6116067407888
3,1708,1592,17977015247429887
3,133292287,133292287,1095586247184
3,4185600,4185600,17977015122519295
3,369455632,369455632,268726986
3,255,255,17977015115055104
3,8381695,8381695,285569738
3,4185600,4185600,17977015115055104
3,268726986,268726986,17280956800
3,0,0,14106734386745600
3,917504,917504,131323021129750
3,4185600,4185600,17977015114137855
3,285569738,285569738,130910704400406
3,0,0,17977015114137855
3,917504,917504,17180160514
3,4185600,4185600,17977015114141440
3,67139973,67139973,21475193346
3,0,0,17977015114141440
3,202381572,202379524,6012988192784
3,3399168,3399168,17977015247429887
3,4682242,31047,1095586247184
3,36,0,17977015122519295
3,3840,58720256,268726986
3,4185600,4185600,17977015115055104
3,4682242,33847312,285569738
3,71,1576,17977015115055104
3,3840,133292287,17280563589
3,4185600,4185600,14599315595991812
3,31047,369455632,12885127682
3,0,255,17977015114141440
3,58720256,8381695,34360291842
3,4185600,4185600,17977015114141440
3,33847312,268726986,12888011266
3,1696,0,17977015114141440
3,133292287,917504,6047347800080
3,4185600,4185600,17977015247429887
3,369455632,285569738,1095586116112
3,255,0,17977015122519295
3,8381695,917504,34360291842
3,4185600,4185600,17977015114141440
3,268726986,67402112,268726986
3,0,4,17977015115055104
3,917504,202382080,285569738
3,4185600,3284480,17977015115055104
3,285569738,291330,34426878341
3,0,4,14599315595989252
3,917504,3840,188981998082
3,4185600,4185600,17977015114141440
3,67402112,356866,223341736450
3,4,5,17977015114141440
3,202382080,3840,29186
3,3284480,4185600,17977015114141440
3,29186,268726986,3502594
3,4,0,17977015114141440
3,3840,917504,6051642767376
3,4185600,4185600,17977015247429887
3,356866,285569738,1095586116112
3,5,0,17977015122519295
3,3840,917504,268726986
3,4185600,4185600,17977015115055104
3,292880,67402112,285569738
3,16,4,17977015115055104
3,133292287,202382080,67139973
3,4185600,3284480,14599315595989252
3,84242960,29186,31047
3,255,4,17977015172857856
3,8381695,3840,555335
3,4185600,4185600,17977015172857856
3,268726986,356866,31000
3,0,5,17977015114137600
3,917504,3840,31000
3,4185600,4185600,17977015114137600
3,285569738,292880,6012988061712
3,0,8,17977015247429887
3,917504,133292287,1095586116112
3,4185600,4185600,17977015122519295
3,67402112,84242960,268726986
3,4,255,17977015115055104
3,202381568,8381695,285569738
3,3284480,4185600,17977015115055104
3,67138060,67401744,17247271296
3,255,20,14106734386748160
3,66069104,133292287,6047347931152
3,4185600,4185600,17977015247429887
3,30748,84242960,1095586247184
3,0,255,17977015122519295
3,7397744,8381695,268726986
3,4185600,4185600,17977015115055104
3,424261,268726986,285569738
3,768,0,17977015115055104
3,58720256,917504,17280956800
3,4185600,4185600,14106734386745600
3,12060999,285569738,131323020736534
3,0,0,17977015114137855
3,58720256,917504,130910603212822
3,4185600,4185600,17977015114137855
3,31047,67402112,17180160514
3,0,4,17977015114141440
3,58720256,202381568,21475193346
3,4185600,3284480,17977015114141440
3,33847312,29186,5909908977680
3,1696,4,17977015247429887
3,133292287,3840,1095586247184
3,4185600,4185600,17977015122519295
3,369455632,33847312,268726986
3,255,1596,17977015115055104
3,8381695,133292287,285569738
3,4185600,4185600,17977015115055104
3,268726986,369455632,17280563589
3,0,255,14599315595991812
3,917504,8381695,201863688706
3,4185600,4185600,17977015114141440
3,285569738,268726986,5944268584976
3,0,0,17977015247429887
3,917504,917504,1095586116112
3,4185600,4185600,17977015122519295
3,67402112,285569738,268726986
3,4,0,17977015115055104
3,202382080,917504,285569738
3,3284480,4185600,17977015115055104
3,291330,67139973,12952041861
3,4,0,14599315595991300
3,3840,202381572,5961448454160
3,4185600,3399168,17977015247429887
3,356866,33847312,1095586116112
3,5,1584,17977015122519295
3,3840,133292287,29186
3,4185600,4185600,17977015114141440
3,268726986,369455632,268726986
3,0,255,17977015115055104
3,917504,8381695,285569738
3,4185600,4185600,17977015115055104
3,285569738,33978384,67139973
3,0,1588,14599315595989252
3,917504,133292287,223341867522
3,4185600,4185600,17977015114141440
3,67402112,369586704,231931802114
3,4,255,17977015114141440
3,202382080,8381695,227636900354
3,3284480,4185600,17977015114141440
3,225794,34109456,236226834946
3,4,1596,17977015114141440
3,3840,133292287,31047
3,4185600,4185600,17977015172857856
3,422402,369717776,5944268584976
3,5,255,17977015247429887
3,3840,8381695,1095586116112
3,4185600,4185600,17977015122519295
3,50558992,291330,268726986
3,8,4,17977015115055104
3,133292287,3840,285569738
3,4185600,4185600,17977015115055104
3,101085712,356866,17247271296
3,255,5,14106734386747648
3,8381695,3840,17180160514
3,4185600,4185600,17977015114141440
3,33847312,422402,17179898370
3,1696,6,17977015114141440
3,133292287,3840,5909908846608
3,4185600,4185600,17977015247429887
3,369455632,487938,1095586116112
3,255,7,17977015122519295
3,8381695,3840,268726986
3,4185600,4185600,17977015115055104
3,268726986,553474,285569738
3,0,8,17977015115055104
3,917504,3840,17247271296
3,4185600,4185600,14106734386748160
3,285569738,619010,17180094978
3,0,9,17977015114141440
3,917504,3840,21475193346
3,4185600,4185600,17977015114141440
3,67402112,1341442,34410362896
3,4,1603934800,17977015247429887
3,202382080,3840,1095300903440
3,3284480,4185600,17977015122519295
3,29186,1406978,268726986
3,4,5239,17977015115055104
3,3840,3840,285569738
3,4185600,4185600,17977015115055104
3,356866,31043,17247205760
3,5,2002755320,14106734386747648
3,3840,62914580,29186
3,4185600,4185600,17977015114141440
3,292880,291330,5858369239056
3,12,4,17977015247429887
3,133292287,3840,1095586116112
3,4185600,4185600,17977015122519295
3,84242960,33978384,268726986
3,255,1588,17977015115055104
3,8381695,133292287,285569738
3,4185600,4185600,17977015115055104
3,268726986,369586704,67139973
3,0,255,14599315595991300
3,917504,8381695,236223492610
3,4185600,4185600,17977015114141440
3,285569738,268726986,12885127682
3,0,0,17977015114141440
3,917504,917504,17180291586
3,4185600,4185600,17977015114141440
3,67402112,285569738,231928525314
3,4,0,17977015114141440
3,202381568,917504,17180357122
3,3284480,4185600,17977015114141440
3,291330,100694405,12885127682
3,4,4,17977015114141440
3,3840,202381572,12885127682
3,4185600,3399168,17977015114141440
3,4278548505,555335,31047
3,31,0,17977015172857856
3,70660,58720256,4295260162
3,4185600,4185600,17977015114141440
3,29186,31000,17180422658
3,4,0,17977015114141440
3,3840,0,17180488194
3,4185600,4185600,17977015114141440
3,291330,31000,34360291842
3,0,0,17977015114141440
3,3840,0,5875549108240
3,4185600,4185600,17977015247429887
3,356866,33847312,1095586116112
3,5,1576,17977015122519295
3,3840,133292287,17180160514
3,4185600,4185600,17977015114141440
3,67467289,369455632,21475193346
3,2,255,17977015114141440
3,66053,8381695,17181209090
3,4185600,4185600,17977015114141440
3,67401753,268726986,21476241922
3,2,0,17977015114141440
3,1791,917504,5858369239056
3,4185600,4185600,17977015247429887
3,50622992,285569738,1095586116112
3,4,0,17977015122519295
3,133292287,917504,17180160514
3,4185600,4185600,17977015114141440
3,101020176,67402112,21475193346
3,5,4,17977015114141440
3,8381695,202382080,17181995522
3,4185600,3284480,17977015114141440
3,33978384,33978384,21477028354
3,1708,1584,17977015114141440
3,133292287,133292287,137439244802
3,4185600,4185600,17977015114141440
3,369586704,369586704,141734277634
3,255,255,17977015114141440
3,8381695,8381695,268726986
3,4185600,4185600,17977015115055104
3,291330,268726986,285569738
3,4,0,17977015115055104
3,3840,917504,17247271296
3,4185600,4185600,14106734386747648
3,356866,285569738,17180160514
3,5,0,17977015114141440
3,3840,917504,17180160514
3,4185600,4185600,17977015114141440
3,422402,101087616,25770160642
3,6,4,17977015114141440
3,3840,202379520,21475193346
3,4185600,3284480,17977015114141440
3,487938,100694038,30065259010
3,7,30576,17977015114141440
3,3840,255,30065455618
3,4185600,4185600,17977015114141440
3,1341442,30742,12885127682
3,1603927152,30480,17977015114141440
3,3840,255,12885914114
3,4185600,4185600,17977015114141440
3,1406978,33978384,31047
3,5239,1588,17977015172857856
3,3840,133292287,17180750338
3,4185600,4185600,17977015114141440
3,4225347,369586704,21475652098
3,2002755296,255,17977015114141440
3,62914580,8381695,42950423042
3,4185600,4185600,17977015114141440
3,31047,268726986,64425521666
3,0,0,17977015114141440
3,58720256,917504,274877937989
3,4185600,4185600,17977015172857856
3,424257,285569738,252212040
3,0,0,17977015177052160
3,58720256,917504,576460804062081929
3,4185600,4185600,14106734185152523
3,31047,100891008,31003
3,0,4,17977015172857856
3,58720256,202381568,31041
3,4185600,3284480,17977015172857856
3,31048,291330,60130488834
3,0,4,17977015114141440
3,58720256,3840,60131340802
3,4185600,4185600,17977015114141440
3,31517,356866,115964408322
3,0,5,17977015114141440
3,65536,3840,17180160514
3,3399168,4185600,17977015114141440
3,33847312,33978384,17180160514
3,1696,1552,17977015114141440
3,133292287,133292287,17180553730
3,4185600,4185600,17977015114141440
3,369455632,369586704,85899637250
3,255,255,17977015114141440
3,8381695,8381695,90194670082
3,4185600,4185600,17977015114141440
3,268726986,268726986,268726986
3,0,0,17977015115055104
3,917504,917504,285569738
3,4185600,4185600,17977015115055104
3,285569738,285569738,43016812933
3,0,0,14599315595991300
3,917504,917504,38655324674
3,4185600,4185600,17977015114141440
3,67402112,100694405,38655324674
3,4,4,17977015114141440
3,202382080,202382084,38656569858
3,3284480,3399168,17977015114141440
3,29186,33847312,120260948482
3,4,1560,17977015114141440
3,3840,133292287,4741643925829
3,4185600,4185600,17977015172857856
3,356866,369455632,31047
3,5,255,17977015172857856
3,3840,8381695,120259375618
3,4185600,4185600,17977015114141440
3,292880,29186,17180488194
3,8,0,17977015114141440
3,133292287,3840,4445992972
3,4185600,4185600,17977015180202608
3,84242960,268726986,30748
3,255,0,17977015121535344
3,8381695,917504,16255303
3,4185600,4185600,17977015172857856
3,268726986,285569738,31047
3,0,0,17977015172857856
3,917504,917504,38654996994
3,4185600,4185600,17977015114141440
3,285569738,67139973,137422534681
3,0,0,17977015114208260
3,917504,202379524,17180619266
3,4185600,3399168,17977015114141440
3,67402112,225794,47244931586
3,4,3,17977015114141440
3,202381568,3840,21475193346
3,3284480,4185600,17977015114141440
3,67138060,33847312,8657401881
3,255,1564,17977015114203653
3,66069104,133292287,8657336345
3,4185600,4185600,17977015114139391
3,30748,369455632,17717031440
3,0,255,17977015247429887
3,7397744,8381695,22028841488
3,4185600,4185600,17977015122519295
3,424261,268726986,17180160514
3,11536,0,17977015114141440
3,58720256,917504,21475193346
3,4185600,4185600,17977015114141440
3,3934535,285569738,17180160514
3,44,0,17977015114141440
3,58720256,917504,21475193346
3,4185600,4185600,17977015114141440
3,31047,67139973,268726986
3,0,3,17977015115055104
3,58720256,202381572,285569738
3,4185600,3399168,17977015115055104
3,33847312,6189570,17247271296
3,1696,93,14106734386747648
3,133292287,3840,17180160514
3,4185600,4185600,17977015114141440
3,369455632,6189570,17180160514
3,255,94,17977015114141440
3,8381695,3840,25770160642
3,4185600,4185600,17977015114141440
3,268726986,33847312,21475193346
3,0,1568,17977015114141440
3,917504,133292287,30065259010
3,4185600,4185600,17977015114141440
3,285569738,369455632,30065521154
3,0,255,17977015114141440
3,917504,8381695,12885127682
3,4185600,4185600,17977015114141440
3,67402112,268726986,12885914114
3,4,0,17977015114141440
3,202382080,917504,31047
3,3284480,4185600,17977015172857856
3,33978384,285569738,17180750338
3,1704,0,17977015114141440
3,133292287,917504,21475652098
3,4185600,4185600,17977015114141440
3,369586704,67139973,47245390338
3,255,0,17977015114141440
3,8381695,202379524,64425521666
3,4185600,3399168,17977015114141440
3,268726986,31047,274878003525
3,0,0,17977015172857856
3,917504,58720256,252212040
3,4185600,4185600,17977015177052160
3,285569738,33847312,576460804062081929
3,0,1552,14106734185152523
3,917504,133292287,31003
3,4185600,4185600,17977015172857856
3,101087616,369455632,96577
3,4,255,17977015172857856
3,202379520,8381695,60130488834
3,3284480,4185600,17977015114141440
3,100694038,268726986,60131471874
3,30576,0,17977015114141440
3,255,917504,124554342914
3,4185600,4185600,17977015114141440
3,30742,285569738,17180160514
3,30480,0,17977015114141440
3,255,917504,17180160514
3,4185600,4185600,17977015114141440
3,33978384,67402112,17181864450
3,1708,4,17977015114141440
3,133292287,202382080,38654996994
3,4185600,3284480,17977015114141440
3,369586704,291330,137422534681
3,255,4,17977015114208260
3,8381695,3840,17180619266
3,4185600,4185600,17977015114141440
3,268726986,356866,47244931586
3,0,5,17977015114141440
3,917504,3840,21475193346
3,4185600,4185600,17977015114141440
3,285569738,268726986,8657401881
3,0,0,17977015114203653
3,917504,917504,8657336345
3,4185600,4185600,17977015114139391
3,100891008,285569738,17515704848
3,4,0,17977015247429887
3,202381568,917504,21827514896
3,3284480,4185600,17977015122519295
3,291330,67402112,17180160514
3,4,4,17977015114141440
3,3840,202382080,21475193346
3,4185600,3284480,17977015114141440
3,356866,29186,17180160514
3,5,4,17977015114141440
3,3840,3840,21475193346
3,4185600,4185600,17977015114141440
3,33978384,356866,268726986
3,1672,5,17977015115055104
3,133292287,3840,285569738
3,4185600,4185600,17977015115055104
3,369586704,292880,128916158853
3,255,8,14599315595991300
3,8381695,133292287,4446255120
3,4185600,4185600,17977015248347391
3,268726986,84242960,17180160514
3,0,255,17977015114141440
3,917504,8381695,17181733378
3,4185600,4185600,17977015114141440
3,285569738,67401744,120260948482
3,0,24,17977015114141440
3,917504,133292287,18446744039365835079
3,4185600,4185600,17977015173119999
3,100694405,84242960,31041
3,4,255,17977015172857856
3,202382084,8381695,5875549108240
3,3399168,4185600,17977015247429887
3,33847312,268726986,1095586116112
3,1680,0,17977015122519295
3,133292287,917504,268726986
3,4185600,4185600,17977015115055104
3,369455632,285569738,285569738
3,255,0,17977015115055104
3,8381695,917504,17247271296
3,4185600,4185600,14106734386747648
3,29186,67402112,17180160514
3,0,4,17977015114141440
3,3840,202381568,17180160514
3,4185600,3284480,17977015114141440
3,268726986,29186,17180094978
3,0,4,17977015114141440
3,917504,3840,5978628323344
3,4185600,4185600,17977015247429887
3,285569738,33847312,1095586116112
3,0,1572,17977015122519295
3,917504,133292287,268726986
3,4185600,4185600,17977015115055104
3,67139973,369455632,285569738
3,0,255,17977015115055104
3,202379524,8381695,12952041861
3,3399168,4185600,14599315595991300
3,225794,268726986,5909908846608
3,3,0,17977015247429887
3,3840,917504,1095586116112
3,4185600,4185600,17977015122519295
3,33847312,285569738,268726986
3,1684,0,17977015115055104
3,133292287,917504,285569738
3,4185600,4185600,17977015115055104
3,369455632,67139973,17247271296
3,255,0,14106734386748160
3,8381695,202381572,17180160514
3,4185600,3399168,17977015114141440
3,268726986,33847312,21475193346
3,0,1560,17977015114141440
3,917504,133292287,268726986
3,4185600,4185600,17977015115055104
3,285569738,369455632,285569738
3,0,255,17977015115055104
3,917504,8381695,17247271296
3,4185600,4185600,14106734386747648
3,67139973,33978384,18102907408
3,3,1564,17977015248347391
3,202381572,133292287,231995372044
3,3399168,4185600,17977015180210800
3,5009922,369586704,30748
3,71,255,17977015121535344
3,3840,8381695,29186
3,4185600,4185600,17977015114141440
3,5009922,34109456,30748
3,76,1572,17977015121539184
3,3840,133292287,3961346
3,4185600,4185600,17977015114141440
3,33847312,369717776,1992865249605
3,1688,255,17977015172857856
3,133292287,8381695,7080263
3,4185600,4185600,17977015172857856
3,369455632,291330,31047
3,255,4,17977015172857856
3,8381695,3840,5961448454160
3,4185600,4185600,17977015247429887
3,268726986,356866,1095586116112
3,0,5,17977015122519295
3,917504,3840,5944268716048
3,4185600,4185600,17977015247429887
3,285569738,422402,1095586247184
3,0,6,17977015122519295
3,917504,3840,5978628585488
3,4185600,4185600,17977015247429887
3,67139973,487938,1095586378256
3,0,7,17977015122519295
3,202379524,3840,17180160514
3,3399168,4185600,17977015114141440
3,31047,553474,21475193346
3,0,8,17977015114141440
3,58720256,3840,25770226178
3,4185600,4185600,17977015114141440
3,33847312,619010,30065259010
3,1672,9,17977015114141440
3,133292287,3840,34360291842
3,4185600,4185600,17977015114141440
3,369455632,1341442,38655324674
3,255,1603936288,17977015114141440
3,8381695,3840,17180160514
3,4185600,4185600,17977015114141440
3,268726986,1406978,21475193346
3,0,5239,17977015114141440
3,917504,3840,25770226178
3,4185600,4185600,17977015114141440
3,285569738,31043,30065259010
3,0,2002755320,17977015114141440
3,917504,62914580,34360291842
3,4185600,4185600,17977015114141440
3,67402112,291330,38655324674
3,4,4,17977015114141440
3,202382080,3840,6888918773015017474
3,3284480,4185600,17977015114141440
3,291330,33978384,22501335070722
3,4,1564,17977015114141440
3,3840,133292287,8601768601290045763
3,4185600,4185600,17977015177052180
3,356866,369586704,17180160514
3,5,255,17977015114141440
3,3840,8381695,17180160514
3,4185600,4185600,17977015114141440
3,268726986,268726986,17183830530
3,0,0,17977015114141440
3,917504,917504,257701999106
3,4185600,4185600,17977015114141440
3,285569738,285569738,31047
3,0,0,17977015172857856
3,917504,917504,424257
3,4185600,4185600,17977015172857856
3,67402112,100694405,257700622850
3,4,4,17977015114141440
3,202382080,202381572,167506309634
3,3284480,3399168,17977015114141440
3,29186,555335,555335
3,4,0,17977015172857856
3,3840,58720256,31000
3,4185600,4185600,17977015114137600
3,356866,31000,31000
3,5,0,17977015114137600
3,3840,0,167503753730
3,4185600,4185600,17977015114141440
3,292880,31000,29186
3,8,0,17977015114141440
3,133292287,0,29186
3,4185600,4185600,17977015114141440
3,84242960,33847312,29186
3,255,1552,17977015114141440
3,8381695,133292287,193273819650
3,4185600,4185600,17977015114141440
3,67401744,369455632,197568852482
3,4,255,17977015114141440
3,133292287,8381695,268726986
3,4185600,4185600,17977015115055104
3,84242960,268726986,285569738
3,255,0,17977015115055104
3,8381695,917504,67139973
3,4185600,4185600,14599315595991300
3,268726986,285569738,6081707538448
3,0,0,17977015247429887
3,917504,917504,1095586116112
3,4185600,4185600,17977015122519295
3,285569738,67402112,268726986
3,0,4,17977015115055104
3,917504,202382080,285569738
3,4185600,3284480,17977015115055104
3,67402112,33978384,17247271296
3,4,1560,14106734386748160
3,202381568,133292287,6116067407888
3,3284480,4185600,17977015247429887
3,29186,369586704,1095586247184
3,4,255,17977015122519295
3,3840,8381695,268726986
3,4185600,4185600,17977015115055104
3,33847312,268726986,285569738
3,1692,0,17977015115055104
3,133292287,917504,17280956800
3,4185600,4185600,14106734386745600
3,369455632,285569738,131323020736534
3,255,0,17977015114137855
3,8381695,917504,130910603212822
3,4185600,4185600,17977015114137855
3,268726986,101087616,17180160514
3,0,4,17977015114141440
3,917504,202379520,21475193346
3,4185600,3284480,17977015114141440
3,285569738,100694038,5806829762576
3,0,30576,17977015247429887
3,917504,255,1095586247184
3,4185600,4185600,17977015122519295
3,67139973,30742,268726986
3,0,30480,17977015115055104
3,202381572,255,285569738
3,3399168,4185600,17977015115055104
3,33847312,33978384,17280563589
3,1680,1564,14599315595991812
3,133292287,133292287,193277096450
3,4185600,4185600,17977015114141440
3,369455632,369586704,197571998210
3,255,255,17977015114141440
3,8381695,8381695,29186
3,4185600,4185600,17977015114141440
3,33978384,268726986,231931802114
3,1684,0,17977015114141440
3,133292287,917504,227636769282
3,4185600,4185600,17977015114141440
3,369586704,285569738,5841189369872
3,255,0,17977015247429887
3,8381695,917504,1095586116112
3,4185600,4185600,17977015122519295
3,34109456,100891008,29186
3,1692,4,17977015114141440
3,133292287,202381568,268726986
3,4185600,3284480,17977015115055104
3,369717776,291330,285569738
3,255,4,17977015115055104
3,8381695,3840,67139973
3,4185600,4185600,14599315595989252
3,291330,356866,188982194690
3,4,5,17977015114141440
3,3840,3840,236226834946
3,4185600,4185600,17977015114141440
3,356866,33978384,5845484337168
3,5,1528,17977015247429887
3,3840,133292287,1095586116112
3,4185600,4185600,17977015122519295
3,422402,369586704,268726986
3,6,255,17977015115055104
3,3840,8381695,285569738
3,4185600,4185600,17977015115055104
3,487938,268726986,67139973
3,7,0,14599315595989252
3,3840,917504,31047
3,4185600,4185600,17977015172857856
3,553474,285569738,5806829631504
3,8,0,17977015247429887
3,3840,917504,1095586116112
3,4185600,4185600,17977015122519295
3,619010,100694405,268726986
3,9,4,17977015115055104
3,3840,202382084,285569738
3,4185600,3399168,17977015115055104
3,1341442,33847312,17247271296
3,1603928848,1536,14106734386748160
3,3840,133292287,231928656386
3,4185600,4185600,17977015114141440
3,1406978,369455632,227633754626
3,5239,255,17977015114141440
3,3840,8381695,268726986
3,4185600,4185600,17977015115055104
3,31043,29186,285569738
3,2002755320,0,17977015115055104
3,62914580,3840,17280563584
3,4185600,4185600,14106734386747648
3,291330,268726986,5841189500944
3,4,0,17977015247429887
3,3840,917504,1095586247184
3,4185600,4185600,17977015122519295
3,33978384,285569738,268726986
3,1684,0,17977015115055104
3,133292287,917504,285569738
3,4185600,4185600,17977015115055104
3,369586704,67139973,17280956800
3,255,0,14106734386745600
3,8381695,202379524,131323020933142
3,4185600,3399168,17977015114137855
3,268726986,225794,130910653741078
3,0,3,17977015114137855
3,917504,3840,17180160514
3,4185600,4185600,17977015114141440
3,285569738,33847312,21475193346
3,0,1540,17977015114141440
3,917504,133292287,5738110285840
3,4185600,4185600,17977015247429887
3,100694405,369455632,1095586247184
3,4,255,17977015122519295
3,202381572,8381695,268726986
3,3399168,4185600,17977015115055104
3,555335,268726986,285569738
3,0,0,17977015115055104
3,58720256,917504,17280563589
3,4185600,4185600,14599315595991812
3,31000,285569738,29186
3,0,0,17977015114141440
3,0,917504,12885127682
3,4185600,4185600,17977015114141440
3,31000,67139973,3961346
3,0,3,17977015114141440
3,0,202381572,5772469893136
3,4185600,3399168,17977015247429887
3,33847312,6255106,1095586116112
3,1672,94,17977015122519295
3,133292287,3840,12885127682
3,4185600,4185600,17977015114141440
3,369455632,6255106,268726986
3,255,95,17977015115055104
3,8381695,3840,285569738
3,4185600,4185600,17977015115055104
3,268726986,33847312,12952041861
3,0,1544,14599315595989252
3,917504,133292287,236227228162
3,4185600,4185600,17977015114141440
3,285569738,369455632,261997031938
3,0,255,17977015114141440
3,917504,8381695,8589965314
3,4185600,4185600,17977015114141440
3,67402112,268726986,29186
3,4,0,17977015114141440
3,202382080,917504,4092418
3,3284480,4185600,17977015114141440
3,33978384,285569738,5776764860432
3,1680,0,17977015247429887
3,133292287,917504,1095586116112
3,4185600,4185600,17977015122519295
3,369586704,67139973,268726986
3,255,0,17977015115055104
3,8381695,202379524,285569738
3,4185600,3399168,17977015115055104
3,268726986,31047,67139973
3,0,0,14599315595989252
3,917504,58720256,31047
3,4185600,4185600,17977015172857856
3,285569738,33847312,555335
3,0,1528,17977015172857856
3,917504,133292287,31000
3,4185600,4185600,17977015114137600
3,101087616,369455632,31000
3,4,255,17977015114137600
3,202379520,8381695,5738110154768
3,3284480,4185600,17977015247429887
3,100694038,268726986,1095586116112
3,30576,0,17977015122519295
3,255,917504,268726986
3,4185600,4185600,17977015115055104
3,30742,285569738,285569738
3,30480,0,17977015115055104
3,255,917504,17247271296
3,4185600,4185600,14106734386748160
3,33978384,67402112,5772470024208
3,1684,4,17977015247429887
3,133292287,202382080,1095586247184
3,4185600,3284480,17977015122519295
3,369586704,291330,268726986
3,255,4,17977015115055104
3,8381695,3840,285569738
3,4185600,4185600,17977015115055104
3,268726986,356866,17280956800
3,0,5,14106734386745600
3,917504,3840,131323020736534
3,4185600,4185600,17977015114137855
3,285569738,268726986,130910603212822
3,0,0,17977015114137855
3,917504,917504,17180160514
3,4185600,4185600,17977015114141440
3,100891008,285569738,21475193346
3,4,0,17977015115055104
3,34,58720256,285569738
3,34,4185600,17977015115055104
3,8032,96577,17247271296
3,0,0,14106734386748160
3,8016,58720256,17179898370
3,0,4185600,17977015114141440
3,3746980333,946690,21475193346
3,70,14,17977015114141440
3,3746991597,3840,34360031248
3,70,4185600,17977015247429887
3,3746991597,3633666,1095300903440
3,70,14,17977015122519295
3,3746991597,3840,51607009296
3,70,4185600,17977015247429887
3,3746991597,291330,1095300903440
3,70,55,17977015122519295
3,3746991597,3840,268726986
3,70,4185600,17977015115055104
3,3746991597,291330,285569738
3,70,4,17977015115055104
3,3746991597,3840,17247271296
3,70,4185600,14106734386747648
3,3746991597,291330,17179898370
3,70,4,17977015114141440
3,3746991597,3840,4415260227600
3,70,4185600,17977015247429887
3,3746991597,3568130,1095586116112
3,70,4,17977015122519295
3,3746991597,3840,268726986
3,70,4185600,17977015115055104
3,3746991597,291330,285569738
3,70,9,17977015115055104
3,3746991597,3840,67139973
3,70,4185600,14599315595991300
3,3746991597,4278548505,4363720620048
3,70,31,17977015247429887
3,3746991597,70660,1095586116112
3,70,4185600,17977015122519295
3,3746991597,750082,4380900620304
3,70,4,17977015247429887
3,3746991597,3840,1095586247184
3,70,4185600,17977015122519295
3,3746991597,291330,4415260489744
3,70,11,17977015247429887
3,3746991597,3840,1095586378256
3,70,4185600,17977015122519295
3,3746991597,356866,17180160514
3,70,5,17977015114141440
3,3746991597,3840,21475193346
3,70,4185600,17977015114141440
3,3747002845,67467289,25770226178
3,70,2,17977015114141440
3,3747002845,66053,30065259010
3,70,4185600,17977015114141440
3,3747002845,67401753,34360291842
3,70,2,17977015114141440
3,3747002845,1791,38655324674
3,70,4185600,17977015114141440
3,3747002845,335835664,6889049546179246082
3,70,4,17977015114141440
3,3747002845,133292287,22501335070722
3,70,4185600,17977015114141440
3,3747002845,352678416,8601768601290045763
3,70,5,17977015177052180
3,3747002845,8381695,17180160514
3,70,4185600,17977015114141440
3,3747002845,291330,4380900620304
3,70,4,17977015247429887
3,3747002845,3840,1095586247184
3,70,4185600,17977015122519295
3,3747002845,356866,268726986
3,70,5,17977015115055104
3,3747002845,3840,285569738
3,70,4185600,17977015115055104
3,3747002845,291330,17280563589
3,70,4,14599315595991300
3,3747002845,3840,31047
3,70,4185600,17977015172857856
3,3747002845,356866,424257
3,70,5,17977015172857856
3,3747002845,3840,555335
3,70,4185600,17977015172857856
3,3747002845,268726986,31000
3,70,0,17977015114137600
3,3747002845,917504,31000
3,70,4185600,17977015114137600
3,3747002845,285569738,4329360881680
3,70,0,17977015247429887
3,3747002845,917504,1095586116112
3,70,4185600,17977015122519295
3,3747002845,67139973,268726986
3,70,54,17977015115055104
3,3747014126,202381572,285569738
3,70,3399168,17977015115055104
3,3747014126,151287824,17247271296
3,70,1,14106734386748160
3,3747014126,134209791,4363720751120
3,70,4185600,17977015247429887
3,3747014126,291330,1095586247184
3,70,4,17977015122519295
3,3747014126,3840,268726986
3,70,4185600,17977015115055104
3,3747014126,3961346,285569738
3,70,4,17977015115055104
3,3747014126,3840,17280956800
3,70,4185600,14106734386745600
3,3747014126,3961346,131323020736534
3,70,60,17977015114137855
3,3747014126,3840,130910603212822
3,70,4185600,17977015114137855
3,3747014126,16021831,4380900620304
3,70,4294967288,17977015247429887
3,3747014126,58982399,1095586247184
3,70,4185600,17977015122519295
3,3747014126,31041,268726986
3,70,0,17977015115055104
3,3747014126,58720256,285569738
3,70,4185600,17977015115055104
3,3747014126,33847312,17280760192
3,70,1240,14106734386747648
3,3747014126,133292287,17180160514
3,70,4185600,17977015114141440
3,3747014126,369455632,21475193346
3,70,255,17977015114141440
3,3747014126,8381695,4226281797648
3,70,4185600,17977015247429887
3,3747014126,268726986,1095586247184
3,70,0,17977015122519295
3,3747014126,917504,268726986
3,70,4185600,17977015115055104
3,3747025402,285569738,285569738
3,70,0,17977015115055104
3,3747025402,917504,17280563589
3,70,4185600,14599315595991812
3,3747025402,67402112,4260641404944
3,70,4,17977015247429887
3,3747025402,202381568,1095586116112
3,70,3284480,17977015122519295
3,3747025402,291330,29186
3,70,4,17977015114141440
3,3747025402,3840,268726986
3,70,4185600,17977015115055104
3,3747025402,291330,285569738
3,70,4,17977015115055104
3,3747025402,3840,67139973
3,70,4185600,14599315595989252
3,3747025402,225794,12885127682
3,70,4,17977015114141440
3,3747025402,3840,4277821274128
3,70,4185600,17977015247429887
3,3747025402,33847312,1095586116112
3,70,1264,17977015122519295
3,3747025402,133292287,268726986
3,70,4185600,17977015115055104
3,3747025402,369455632,285569738
3,70,255,17977015115055104
3,3747025402,8381695,12952041861
3,70,4185600,14599315595991300
3,3747025402,268726986,339308540418
3,70,0,17977015114141440
3,3747025402,917504,399438082562
3,70,4185600,17977015114141440
3,3747025402,285569738,4295001143312
3,70,0,17977015247429887
3,3747025402,917504,1095586116112
3,70,4185600,17977015122519295
3,3747036683,67139973,268726986
3,70,3,17977015115055104
3,3747036683,202381572,285569738
3,70,3399168,17977015115055104
3,3747036683,33847312,67139973
3,70,1248,14599315595989252
3,3747036683,133292287,31047
3,70,4185600,17977015172857856
3,3747036683,369455632,551316125708
3,70,255,17977015180214896
3,3747036683,8381695,30748
3,70,4185600,17977015121535344
3,3747036683,268726986,3435974261061
3,70,0,17977015172857856
3,3747036683,917504,12585287
3,70,4185600,17977015172857856
3,3747036683,285569738,31047
3,70,0,17977015172857856
3,3747036683,917504,4226281666576
3,70,4185600,17977015247429887
3,3747036683,67402112,1095586116112
3,70,4,17977015122519295
3,3747036683,202382080,268726986
3,70,3284480,17977015115055104
3,3747036683,291330,285569738
3,70,4,17977015115055104
3,3747036683,3840,17247271296
3,70,4185600,14106734386748160
3,3747036683,356866,17180160514
3,70,5,17977015114141440
3,3747036683,3840,21475193346
3,70,4185600,17977015114141440
3,3747036683,268726986,268726986
3,70,0,17977015115055104
3,3747036683,917504,285569738
3,70,4185600,17977015115055104
3,3747036683,285569738,17247271296
3,70,0,14106734386748160
3,3747036683,917504,17179898370
3,70,4185600,17977015114141440
3,3747036683,67402112,21475193346
3,70,4,17977015114141440
3,3747047966,202381568,34360031248
3,70,3284480,17977015247429887
3,3747047966,1443131920,1095300903440
3,70,4,17977015122519295
3,3747047966,134209791,68786878480
3,70,4185600,17977015247429887
3,3747047966,67138060,1095300903440
3,70,85,17977015122519295
3,3747047966,66073200,268726986
3,70,4185600,17977015115055104
3,3747047966,30748,285569738
3,70,0,17977015115055104
3,3747047966,7397744,17247271296
3,70,4185600,14106734386747648
3,3747047966,29186,17179898370
3,70,0,17977015114141440
3,3747047966,3840,4312181012496
3,70,4185600,17977015247429887
3,3747047966,30748,1095586116112
3,70,0,17977015122519295
3,3747047966,7401584,268726986
3,70,4185600,17977015115055104
3,3747047966,5730818,285569738
3,70,0,17977015115055104
3,3747047966,3840,67139973
3,70,4185600,14599315595991300
3,3747047966,424261,4260641404944
3,70,464,17977015247429887
3,3747047966,58720256,1095586116112
3,70,4185600,17977015122519295
3,3747047966,7080263,4277821405200
3,70,0,17977015247429887
3,3747047966,58720256,1095586247184
3,70,4185600,17977015122519295
3,3747047966,31047,4312181274640
3,70,0,17977015247429887
3,3747047966,58720256,1095586378256
3,70,4185600,17977015122519295
3,3747047966,33847312,17180160514
3,70,1260,17977015114141440
3,3747047966,133292287,21475193346
3,70,4185600,17977015114141440
3,3747059229,369455632,25770226178
3,70,255,17977015114141440
3,3747059229,8381695,30065259010
3,70,4185600,17977015114141440
3,3747059229,33978384,34360291842
3,70,1256,17977015114141440
3,3747059229,133292287,38655324674
3,70,4185600,17977015114141440
3,3747059229,369586704,6889056418126919682
3,70,255,17977015114141440
3,3747059229,8381695,22501335070722
3,70,4185600,17977015114141440
3,3747059229,34109456,8601768601290045763
3,70,1264,17977015177052180
3,3747059229,133292287,17180160514
3,70,4185600,17977015114141440
3,3747059229,369717776,4277821405200
3,70,255,17977015247429887
3,3747059229,8381695,1095586247184
3,70,4185600,17977015122519295
3,3747059229,291330,268726986
3,70,4,17977015115055104
3,3747059229,3840,285569738
3,70,4185600,17977015115055104
3,3747059229,356866,17280563589
3,70,5,14599315595991300
3,3747059229,3840,31047
3,70,4185600,17977015172857856
3,3747059229,422402,424257
3,70,6,17977015172857856
3,3747059229,3840,555335
3,70,4185600,17977015172857856
3,3747059229,487938,31000
3,70,7,17977015114137600
3,3747059229,3840,31000
3,70,4185600,17977015114137600
3,3747059229,553474,4226281666576
3,70,8,17977015247429887
3,3747059229,3840,1095586116112
3,70,4185600,17977015122519295
3,3747070516,619010,268726986
3,70,9,17977015115055104
3,3747070516,3840,285569738
3,70,4185600,17977015115055104
3,3747070516,291330,17247271296
3,70,4,14106734386748160
3,3747070516,3840,4260641536016
3,70,4185600,17977015247429887
3,3747070516,356866,1095586247184
3,70,5,17977015122519295
3,3747070516,3840,268726986
3,70,4185600,17977015115055104
3,3747070516,422402,285569738
3,70,6,17977015115055104
3,3747070516,3840,17280956800
3,70,4185600,14106734386745600
3,3747070516,487938,131323020736534
3,70,7,17977015114137855
3,3747070516,3840,130910603212822
3,70,4185600,17977015114137855
3,3747070516,553474,4277821405200
3,70,8,17977015247429887
3,3747070516,3840,1095586247184
3,70,4185600,17977015122519295
3,3747070516,619010,268726986
3,70,9,17977015115055104
3,3747070516,3840,285569738
3,70,4185600,17977015115055104
3,3747070516,1341442,17280760192
3,70,1603962624,14106734386747648
3,3747070516,3840,17180160514
3,70,4185600,17977015114141440
3,3747070516,1406978,21475193346
3,70,5239,17977015114141440
3,3747070516,3840,4123202582544
3,70,4185600,17977015247429887
3,3747070516,31043,1095586247184
3,70,2002755320,17977015122519295
3,3747070516,62914580,268726986
3,70,4185600,17977015115055104
3,3747070516,291330,285569738
3,70,4,17977015115055104
3,3747081757,3840,17280563589
3,70,4185600,14599315595991812
3,3747081757,291330,4157562189840
3,70,4,17977015247429887
3,3747081757,3840,1095586116112
3,70,4185600,17977015122519295
3,3747081757,5730818,29186
3,70,4,17977015114141440
3,3747081757,3840,268726986
3,70,4185600,17977015115055104
3,3747081757,5730818,285569738
3,70,87,17977015115055104
3,3747081757,3840,67139973
3,70,4185600,14599315595989252
3,3747081757,31047,12885127682
3,70,0,17977015114141440
3,3747081757,58720256,4174742059024
3,70,4185600,17977015247429887
3,3747081757,424257,1095586116112
3,70,0,17977015122519295
3,3747081757,58720256,268726986
3,70,4185600,17977015115055104
3,3747081757,4026882,285569738
3,70,87,17977015115055104
3,3747081757,3840,12952041861
3,70,4185600,14599315595991300
3,3747081757,4026882,399438148098
3,70,61,17977015114141440
3,3747081757,3840,403733115394
3,70,4185600,17977015114141440
3,3747081757,555335,4191921928208
3,70,0,17977015247429887
3,3747081757,58720256,1095586116112
3,70,4185600,17977015122519295
3,3747081757,31000,268726986
3,70,0,17977015115055104
3,3747081757,0,285569738
3,70,4185600,17977015115055104
3,3747081757,31000,67139973
3,70,0,14599315595989252
3,3747081757,0,31047
3,70,4185600,17977015172857856
3,3747093035,29186,688771856396
3,70,61,17977015180214896
3,3747093035,3840,30748
3,70,4185600,17977015121535344
3,3747093035,29186,3435974261061
3,70,0,17977015172857856
3,3747093035,3840,12585287
3,70,4185600,17977015172857856
3,3747093035,29186,31047
3,70,0,17977015172857856
3,3747093035,3840,4123202451472
3,70,4185600,17977015247429887
3,3747093035,29186,1095586116112
3,70,0,17977015122519295
3,3747093035,3840,268726986
3,70,4185600,17977015115055104
3,3747093035,291330,285569738
3,70,62,17977015115055104
3,3747093035,3840,17247271296
3,70,4185600,14106734386748160
3,3747093035,356866,17180160514
3,70,63,17977015114141440
3,3747093035,3840,21475193346
3,70,4185600,17977015114141440
3,3747093035,268726986,268726986
3,70,0,17977015115055104
3,3747093035,917504,285569738
3,70,4185600,17977015115055104
3,3747093035,285569738,17247271296
3,70,0,14106734386748160
3,3747093035,917504,17179898370
3,70,4185600,17977015114141440
3,3747093035,67139973,21475193346
3,70,0,17977015114141440
3,3747093035,202381572,34360031248
3,70,3399168,17977015247429887
3,3747093035,33847312,1095300903440
3,70,1288,17977015122519295
3,3747093035,133292287,85966747664
3,70,4185600,17977015247429887
3,3747093035,369455632,1095300903440
3,70,255,17977015122519295
3,3747104501,8381695,268726986
3,70,4185600,17977015115055104
3,3747104501,268726986,285569738
3,70,0,17977015115055104
3,3747104501,917504,17247271296
3,70,4185600,14106734386747648
3,3747104501,285569738,17179898370
3,70,0,17977015114141440
3,3747104501,917504,4209101797392
3,70,4185600,17977015247429887
3,3747104501,67402112,1095586116112
3,70,4,17977015122519295
3,3747104501,202382080,268726986
3,70,3284480,17977015115055104
3,3747104501,33978384,285569738
3,70,1296,17977015115055104
3,3747104501,133292287,67139973
3,70,4185600,14599315595991300
3,3747104501,369586704,4157562189840
3,70,255,17977015247429887
3,3747104501,8381695,1095586116112
3,70,4185600,17977015122519295
3,3747104501,268726986,4174742190096
3,70,0,17977015247429887
3,3747104501,917504,1095586247184
3,70,4185600,17977015122519295
3,3747104501,285569738,4209102059536
3,70,0,17977015247429887
3,3747104501,917504,1095586378256
3,70,4185600,17977015122519295
3,3747104501,101087616,17180160514
3,70,4,17977015114141440
3,3747104501,202379520,21475193346
3,70,3284480,17977015114141440
3,3747104501,100694038,25770226178
3,70,30576,17977015114141440
3,3747104501,255,30065259010
3,70,4185600,17977015114141440
3,3747104501,30742,34360291842
3,70,30480,17977015114141440
3,3747115590,255,38655324674
3,70,4185600,17977015114141440
3,3747115590,291330,6889063290074593282
3,70,4,17977015114141440
3,3747115590,3840,22501335070722
3,70,4185600,17977015114141440
3,3747115590,356866,8601768601290045763
3,70,5,17977015177052180
3,3747115590,3840,17180160514
3,70,4185600,17977015114141440
3,3747115590,33978384,4174742190096
3,70,1224,17977015247429887
3,3747115590,133292287,1095586247184
3,70,4185600,17977015122519295
3,3747115590,369586704,268726986
3,70,255,17977015115055104
3,3747115590,8381695,285569738
3,70,4185600,17977015115055104
3,3747115590,268726986,17280563589
3,70,0,14599315595991300
3,3747115590,917504,31047
3,70,4185600,17977015172857856
3,3747115590,285569738,424257
3,70,0,17977015172857856
3,3747115590,917504,555335
3,70,4185600,17977015172857856
3,3747115590,100694405,31000
3,70,4,17977015114137600
3,3747115590,202382084,31000
3,70,3399168,17977015114137600
3,3747115590,5534210,4123202451472
3,70,62,17977015247429887
3,3747115590,3840,1095586116112
3,70,4185600,17977015122519295
3,3747115590,5599746,268726986
3,70,63,17977015115055104
3,3747115590,3840,285569738
3,70,4185600,17977015115055104
3,3747115590,29186,17247271296
3,70,0,14106734386748160
3,3747115590,3840,4157562320912
3,70,4185600,17977015247429887
3,3747115590,5534210,1095586247184
3,70,84,17977015122519295
3,3747127006,3840,268726986
3,70,4185600,17977015115055104
3,3747127006,5599746,285569738
3,70,85,17977015115055104
3,3747127006,3840,17280956800
3,70,4185600,14106734386745600
3,3747127006,33847312,131323020736534
3,70,1232,17977015114137855
3,3747127006,133292287,130910603212822
3,70,4185600,17977015114137855
3,3747127006,369455632,4174742190096
3,70,255,17977015247429887
3,3747127006,8381695,1095586247184
3,70,4185600,17977015122519295
3,3747127006,29186,268726986
3,70,0,17977015115055104
3,3747127006,3840,285569738
3,70,4185600,17977015115055104
3,3747127006,268726986,17280760192
3,70,0,14106734386747648
3,3747127006,917504,17180160514
3,70,4185600,17977015114141440
3,3747127006,285569738,21475193346
3,70,0,17977015114141440
3,3747127006,917504,4020123367440
3,70,4185600,17977015247429887
3,3747127006,67139973,1095586247184
3,70,0,17977015122519295
3,3747127006,202379524,268726986
3,70,3399168,17977015115055104
3,3747127006,5665282,285569738
3,70,68,17977015115055104
3,3747127006,3840,17280563589
3,70,4185600,14599315595991812
3,3747127006,5665282,4054482974736
3,70,86,17977015247429887
3,3747127006,3840,1095586116112
3,70,4185600,17977015122519295
3,3747127006,33847312,29186
3,70,1233,17977015114141440
3,3747127006,133292287,268726986
3,70,4185600,17977015115055104
3,3747138225,369455632,285569738
3,70,255,17977015115055104
3,3747138225,8381695,67139973
3,70,4185600,14599315595989252
3,3747138225,268726986,12885127682
3,70,0,17977015114141440
3,3747138225,917504,4071662843920
3,70,4185600,17977015247429887
3,3747138225,285569738,1095586116112
3,70,0,17977015122519295
3,3747138225,917504,268726986
3,70,4185600,17977015115055104
3,3747138225,67139973,285569738
3,70,0,17977015115055104
3,3747138225,202379524,12952041861
3,70,3399168,14599315595991300
3,3747138225,31047,403733180930
3,70,0,17977015114141440
3,3747138225,58720256,408028148226
3,70,4185600,17977015114141440
3,3747138225,33847312,4088842713104
3,70,1224,17977015247429887
3,3747138225,133292287,1095586116112
3,70,4185600,17977015122519295
3,3747138225,369455632,268726986
3,70,255,17977015115055104
3,3747138225,8381695,285569738
3,70,4185600,17977015115055104
3,3747138225,268726986,67139973
3,70,0,14599315595989252
3,3747138225,917504,31047
3,70,4185600,17977015172857856
3,3747138225,285569738,826227587084
3,70,0,17977015180214896
3,3747138225,917504,30748
3,70,4185600,17977015121535344
3,3747138225,67402112,3435974261061
3,70,4,17977015172857856
3,3747138225,202382080,12585287
3,70,3284480,17977015172857856
3,3747149413,422402,31047
3,70,84,17977015172857856
3,3747149413,3840,4020123236368
3,70,4185600,17977015247429887
3,3747149413,487938,1095586116112
3,70,85,17977015122519295
3,3747149413,3840,268726986
3,70,4185600,17977015115055104
3,3747149413,268726986,285569738
3,70,0,17977015115055104
3,3747149413,917504,17247271296
3,70,4185600,14106734386748160
3,3747149413,285569738,17180160514
3,70,0,17977015114141440
3,3747149413,917504,21475193346
3,70,4185600,17977015114141440
3,3747149413,100694400,268726986
3,70,4,17977015115055104
3,3747149413,202381568,285569738
3,70,3284480,17977015115055104
3,3747149413,33978384,17247271296
3,70,1232,14106734386748160
3,3747149413,133292287,17179898370
3,70,4185600,17977015114141440
3,3747149413,369586704,21475193346
3,70,255,17977015114141440
3,3747149413,8381695,34360031248
3,70,4185600,17977015247429887
3,3747149413,268726986,1095300903440
3,70,0,17977015122519295
3,3747149413,917504,103146616848
3,70,4185600,17977015247429887
3,3747149413,285569738,1095300903440
3,70,0,17977015122519295
3,3747149413,917504,268726986
3,70,4185600,17977015115055104
3,3747149413,101087616,285569738
3,70,4,17977015115055104
3,3747149413,202379520,17247271296
3,70,3284480,14106734386747648
3,3747149413,100890646,17179898370
3,70,30576,17977015114141440
3,3747149413,255,4106022582288
3,70,4185600,17977015247429887
3,3747160885,50558998,1095586116112
3,70,30480,17977015122519295
3,3747160885,255,268726986
3,70,4185600,17977015115055104
3,3747160885,291330,285569738
3,70,4,17977015115055104
3,3747160885,3840,67139973
3,70,4185600,14599315595991300
3,3747160885,356866,4054482974736
3,70,5,17977015247429887
3,3747160885,3840,1095586116112
3,70,4185600,17977015122519295
3,3747160885,33978384,4071662974992
3,70,1208,17977015247429887
3,3747160885,133292287,1095586247184
3,70,4185600,17977015122519295
3,3747160885,369586704,4106022844432
3,70,255,17977015247429887
3,3747160885,8381695,1095586378256
3,70,4185600,17977015122519295
3,3747160885,268726986,17180160514
3,70,0,17977015114141440
3,3747160885,917504,21475193346
3,70,4185600,17977015114141440
3,3747160885,285569738,25770226178
3,70,0,17977015114141440
3,3747160885,917504,30065259010
3,70,4185600,17977015114141440
3,3747160885,100694405,34360291842
3,70,4,17977015114141440
3,3747160885,202382084,38655324674
3,70,3399168,17977015114141440
3,3747160885,29186,6889070162022266882
3,70,0,17977015114141440
3,3747160885,3840,22501335070722
3,70,4185600,17977015114141440
3,3747160885,225794,8601768601290045763
3,70,3,17977015177052180
3,3747160885,3840,17180160514
3,70,4185600,17977015114141440
3,3747171959,5730818,4071662974992
3,70,0,17977015247429887
3,3747171959,3840,1095586247184
3,70,4185600,17977015122519295
3,3747171959,33847312,268726986
3,70,1216,17977015115055104
3,3747171959,133292287,285569738
3,70,4185600,17977015115055104
3,3747171959,369455632,17280563589
3,70,255,14599315595991300
3,3747171959,8381695,31047
3,70,4185600,17977015172857856
3,3747171959,225794,424257
3,70,3,17977015172857856
3,3747171959,3840,555335
3,70,4185600,17977015172857856
3,3747171959,268726986,31000
3,70,0,17977015114137600
3,3747171959,917504,31000
3,70,4185600,17977015114137600
3,3747171959,285569738,4020123236368
3,70,0,17977015247429887
3,3747171959,917504,1095586116112
3,70,4185600,17977015122519295
3,3747171959,67139973,268726986
3,70,3,17977015115055104
3,3747171959,202379524,285569738
3,70,3399168,17977015115055104
3,3747171959,6058498,17247271296
3,70,86,14106734386748160
3,3747171959,3840,4054483105808
3,70,4185600,17977015247429887
3,3747171959,6058498,1095586247184
3,70,92,17977015122519295
3,3747171959,3840,268726986
3,70,4185600,17977015115055104
3,3747171959,30722,285569738
3,70,8,17977015115055104
3,3747171959,3840,17280956800
3,70,4185600,14106734386745600
3,3747171959,29186,131323020736534
3,70,0,17977015114137855
3,3747183232,3840,130910603212822
3,70,4185600,17977015114137855
3,3747183232,6124034,4071662974992
3,70,0,17977015247429887
3,3747183232,3840,1095586247184
3,70,4185600,17977015122519295
3,3747183232,33847312,268726986
3,70,1217,17977015115055104
3,3747183232,133292287,285569738
3,70,4185600,17977015115055104
3,3747183232,369455632,17280760192
3,70,255,14106734386747648
3,3747183232,8381695,17180160514
3,70,4185600,17977015114141440
3,3747183232,268726986,21475193346
3,70,0,17977015114141440
3,3747183232,917504,3917044152336
3,70,4185600,17977015247429887
3,3747183232,285569738,1095586247184
3,70,0,17977015122519295
3,3747183232,917504,268726986
3,70,4185600,17977015115055104
3,3747183232,67139973,285569738
3,70,0,17977015115055104
3,3747183232,202379524,17280563589
3,70,3399168,14599315595991812
3,3747183232,31047,3951403759632
3,70,0,17977015247429887
3,3747183232,58720256,1095586116112
3,70,4185600,17977015122519295
3,3747183232,555335,29186
3,70,0,17977015114141440
3,3747183232,58720256,268726986
3,70,4185600,17977015115055104
3,3747183232,31000,285569738
3,70,0,17977015115055104
3,3747183232,0,67139973
3,70,4185600,14599315595989252
3,3747183232,31000,12885127682
3,70,0,17977015114141440
3,3747194492,0,3968583628816
3,70,4185600,17977015247429887
3,3747194492,33847312,1095586116112
3,70,1208,17977015122519295
3,3747194492,133292287,268726986
3,70,4185600,17977015115055104
3,3747194492,369455632,285569738
3,70,255,17977015115055104
3,3747194492,8381695,12952041861
3,70,4185600,14599315595991300
3,3747194492,268726986,408028475906
3,70,0,17977015114141440
3,3747194492,917504,429503312386
3,70,4185600,17977015114141440
3,3747194492,285569738,3985763498000
3,70,0,17977015247429887
3,3747194492,917504,1095586116112
3,70,4185600,17977015122519295
3,3747194492,67402112,268726986
3,70,4,17977015115055104
3,3747194492,202382080,285569738
3,70,3284480,17977015115055104
3,3747194492,33978384,67139973
3,70,1216,14599315595989252
3,3747194492,133292287,31047
3,70,4185600,17977015172857856
3,3747194492,369586704,963750426636
3,70,255,17977015180214896
3,3747194492,8381695,30748
3,70,4185600,17977015121535344
3,3747194492,268726986,3435974261061
3,70,0,17977015172857856
3,3747194492,917504,12585287
3,70,4185600,17977015172857856
3,3747194492,285569738,31047
3,70,0,17977015172857856
3,3747194492,917504,3917044021264
3,70,4185600,17977015247429887
3,3747194492,101087616,1095586116112
3,70,4,17977015122519295
3,3747194492,202379520,268726986
3,70,3284480,17977015115055104
3,3747205809,100694038,285569738
3,70,30576,17977015115055104
3,3747205809,255,17247271296
3,70,4185600,14106734386748160
3,3747205809,30742,17180160514
3,70,30480,17977015114141440
3,3747205809,255,21475193346
3,70,4185600,17977015114141440
3,3747205809,291330,268726986
3,70,4,17977015115055104
3,3747205809,3840,285569738
3,70,4185600,17977015115055104
3,3747205809,356866,17247271296
3,70,5,14106734386748160
3,3747205809,3840,17179898370
3,70,4185600,17977015114141440
3,3747205809,33978384,21475193346
3,70,1184,17977015114141440
3,3747205809,133292287,34360031248
3,70,4185600,17977015247429887
3,3747205809,369586704,1095300903440
3,70,255,17977015122519295
3,3747205809,8381695,120326486032
3,70,4185600,17977015247429887
3,3747205809,268726986,1095300903440
3,70,0,17977015122519295
3,3747205809,917504,268726986
3,70,4185600,17977015115055104
3,3747205809,285569738,285569738
3,70,0,17977015115055104
3,3747205809,917504,17247271296
3,70,4185600,14106734386747648
3,3747205809,100694405,17179898370
3,70,4,17977015114141440
3,3747205809,202382084,4002943367184
3,70,3399168,17977015247429887
3,3747205809,225794,1095586116112
3,70,87,17977015122519295
3,3747205809,3840,268726986
3,70,4185600,17977015115055104
3,3747217015,33847312,285569738
3,70,1192,17977015115055104
3,3747217015,133292287,67139973
3,70,4185600,14599315595991300
3,3747217015,369455632,3951403759632
3,70,255,17977015247429887
3,3747217015,8381695,1095586116112
3,70,4185600,17977015122519295
3,3747217015,268726986,3968583759888
3,70,0,17977015247429887
3,3747217015,917504,1095586247184
3,70,4185600,17977015122519295
3,3747217015,285569738,4002943629328
3,70,0,17977015247429887
3,3747217015,917504,1095586378256
3,70,4185600,17977015122519295
3,3747217015,67139973,17180160514
3,70,3,17977015114141440
3,3747217015,202381572,21475193346
3,70,3399168,17977015114141440
3,3747217015,33847312,25770226178
3,70,1196,17977015114141440
3,3747217015,133292287,30065259010
3,70,4185600,17977015114141440
3,3747217015,369455632,34360291842
3,70,255,17977015114141440
3,3747217015,8381695,38655324674
3,70,4185600,17977015114141440
3,3747217015,29186,6889077033969940482
3,70,0,17977015114141440
3,3747217015,3840,22501335070722
3,70,4185600,17977015114141440
3,3747217015,268726986,8601768601290045763
3,70,0,17977015177052180
3,3747217015,917504,17180160514
3,70,4185600,17977015114141440
3,3747217015,285569738,3968583759888
3,70,0,17977015247429887
3,3747217015,917504,1095586247184
3,70,4185600,17977015122519295
3,3747217015,67139973,268726986
3,70,0,17977015115055104
3,3747228287,202379524,285569738
3,70,3399168,17977015115055104
3,3747228287,6189570,17280563589
3,70,92,14599315595991300
3,3747228287,3840,31047
3,70,4185600,17977015172857856
3,3747228287,6189570,424257
3,70,94,17977015172857856
3,3747228287,3840,555335
3,70,4185600,17977015172857856
3,3747228287,6255106,31000
3,70,93,17977015114137600
3,3747228287,3840,31000
3,70,4185600,17977015114137600
3,3747228287,6255106,3917044021264
3,70,95,17977015247429887
3,3747228287,3840,1095586116112
3,70,4185600,17977015122519295
3,3747228287,31047,268726986
3,70,0,17977015115055104
3,3747228287,58720256,285569738
3,70,4185600,17977015115055104
3,3747228287,33847312,17247271296
3,70,1192,14106734386748160
3,3747228287,133292287,3951403890704
3,70,4185600,17977015247429887
3,3747228287,369455632,1095586247184
3,70,255,17977015122519295
3,3747228287,8381695,268726986
3,70,4185600,17977015115055104
3,3747228287,268726986,285569738
3,70,0,17977015115055104
3,3747228287,917504,17280956800
3,70,4185600,14106734386745600
3,3747228287,285569738,131323020736534
3,70,0,17977015114137855
3,3747228287,917504,130910603212822
3,70,4185600,17977015114137855
3,3747228287,67402112,3968583759888
3,70,4,17977015247429887
3,3747228287,202381568,1095586247184
3,70,3284480,17977015122519295
3,3747239572,291330,268726986
3,70,4,17977015115055104
3,3747239572,3840,285569738
3,70,4185600,17977015115055104
3,3747239572,29186,17280760192
3,70,4,14106734386747648
3,3747239572,3840,17180160514
3,70,4185600,17977015114141440
3,3747239572,33847312,21475193346
3,70,1184,17977015114141440
3,3747239572,133292287,3848324675600
3,70,4185600,17977015247429887
3,3747239572,369455632,1095586247184
3,70,255,17977015122519295
3,3747239572,8381695,268726986
3,70,4185600,17977015115055104
3,3747239572,268726986,285569738
3,70,0,17977015115055104
3,3747239572,917504,17280563589
3,70,4185600,14599315595991812
3,3747239572,285569738,3882684282896
3,70,0,17977015247429887
3,3747239572,917504,1095586116112
3,70,4185600,17977015122519295
3,3747239572,67402112,29186
3,70,4,17977015114141440
3,3747239572,202382080,268726986
3,70,3284480,17977015115055104
3,3747239572,225794,285569738
3,70,4,17977015115055104
3,3747239572,3840,67139973
3,70,4185600,14599315595989252
3,3747239572,356866,12885127682
3,70,5,17977015114141440
3,3747239572,3840,12885127682
3,70,4185600,17977015114141440
3,3747239572,50624528,429496758786
3,70,8,17977015114141440
3,3747239572,133292287,29186
3,70,4185600,17977015114141440
3,3747239572,84242960,3886979250192
3,70,255,17977015247429887
3,3747250835,8381695,1095586116112
3,70,4185600,17977015122519295
3,3747250835,268726986,129811091978262
3,70,0,17977015114137606
3,3747250835,917504,268726986
3,70,4185600,17977015115055104
3,3747250835,285569738,285569738
3,70,0,17977015115055104
3,3747250835,917504,25836943749
3,70,4185600,14599315595989252
3,3747250835,67336576,31047
3,70,4,17977015172857856
3,3747250835,202381568,555335
3,70,3284480,17977015172857856
3,3747250835,29186,31000
3,70,0,17977015114137600
3,3747250835,3840,31000
3,70,4185600,17977015114137600
3,3747250835,33847312,12885127682
3,70,1172,17977015114141440
3,3747250835,133292287,12885193218
3,70,4185600,17977015114141440
3,3747250835,369455632,17180160514
3,70,255,17977015114141440
3,3747250835,8381695,17180160514
3,70,4185600,17977015114141440
3,3747250835,268726986,17180160514
3,70,0,17977015114141440
3,3747250835,917504,17180160514
3,70,4185600,17977015114141440
3,3747250835,285569738,17180160514
3,70,0,17977015114141440
3,3747250835,917504,17180160514
3,70,4185600,17977015114141440
3,3747250835,67139973,17180160514
3,70,0,17977015114141440
3,3747250835,202381572,17180160514
3,70,3399168,17977015114141440
3,3747250835,291330,17180160514
3,70,95,17977015114141440
3,3747262205,3840,17180160514
3,70,4185600,17977015114141440
3,3747262205,225794,17180160514
3,70,3,17977015115055104
3,255,3840,67139973
3,4185600,4185600,14599315595991300
3,33978384,33847312,472446693890
3,752,600,17977015114141440
3,133292287,133292287,12885127682
3,4185600,4185600,17977015114141440
3,369586704,369455632,17180291586
3,255,255,17977015114141440
3,8381695,8381695,468151726594
3,4185600,4185600,17977015114141440
3,422402,268726986,17180357122
3,6,0,17977015114141440
3,3840,917504,12885127682
3,4185600,4185600,17977015114141440
3,487938,285569738,12885127682
3,7,0,17977015114141440
3,3840,917504,31047
3,4185600,4185600,17977015172857856
3,34109456,67402112,4295260162
3,736,4,17977015114141440
3,133292287,202382080,17180422658
3,4185600,3284480,17977015114141440
3,369717776,225794,17180488194
3,255,4,17977015114141440
3,8381695,3840,34360291842
3,4185600,4185600,17977015114141440
3,422402,356866,927746783248
3,6,5,17977015247429887
3,3840,3840,1095586116112
3,4185600,4185600,17977015122519295
3,487938,50624528,17180160514
3,7,16,17977015114141440
3,3840,133292287,21475193346
3,4185600,4185600,17977015114141440
3,268726986,84242960,17181209090
3,0,255,17977015114141440
3,917504,8381695,21476241922
3,4185600,4185600,17977015114141440
3,285569738,268726986,910566914064
3,0,0,17977015247429887
3,917504,917504,1095586116112
3,4185600,4185600,17977015122519295
3,134248837,285569738,17180160514
3,6,0,17977015114141440
3,202382084,917504,21475193346
3,3399168,4185600,17977015114141440
3,422402,67139973,17181995522
3,10,6,17977015114141440
3,3840,202381572,21477028354
3,4185600,3399168,17977015114141440
3,487938,33847312,137439244802
3,11,624,17977015114141440
3,3840,133292287,141734277634
3,4185600,4185600,17977015114141440
3,422402,369455632,268726986
3,6,255,17977015115055104
3,3840,8381695,285569738
3,4185600,4185600,17977015115055104
3,487938,268726986,17247271296
3,7,0,14106734386747648
3,3840,917504,17180160514
3,4185600,4185600,17977015114141440
3,29186,285569738,17180160514
3,0,0,17977015114141440
3,3840,917504,25770160642
3,4185600,4185600,17977015114141440
3,34109456,67402112,21475193346
3,744,4,17977015114141440
3,133292287,202379520,30065259010
3,4185600,3284480,17977015114141440
3,369717776,67336214,30065455618
3,255,30576,17977015114141440
3,8381695,255,12885127682
3,4185600,4185600,17977015114141440
3,29186,50558998,12885914114
3,0,30480,17977015114141440
3,3840,255,31047
3,4185600,4185600,17977015172857856
3,268726986,33847312,17180750338
3,0,632,17977015114141440
3,917504,133292287,21475652098
3,4185600,4185600,17977015114141440
3,285569738,369455632,42950423042
3,0,255,17977015114141440
3,917504,8381695,64425521666
3,4185600,4185600,17977015114141440
3,134248837,291330,274877937989
3,0,4,17977015172857856
3,202379524,3840,252212040
3,3399168,4185600,17977015177052160
3,31047,356866,576460804062081929
3,0,5,14106734185152523
3,58720256,3840,31003
3,4185600,4185600,17977015172857856
3,34109456,33978384,31041
3,736,576,17977015172857856
3,133292287,133292287,60130488834
3,4185600,4185600,17977015114141440
3,369717776,369586704,60135207426
3,255,255,17977015114141440
3,8381695,8381695,369367478786
3,4185600,4185600,17977015114141440
3,268726986,291330,17180160514
3,0,4,17977015114141440
3,917504,3840,17180160514
3,4185600,4185600,17977015114141440
3,285569738,356866,17180553730
3,0,5,17977015114141440
3,917504,3840,85899637250
3,4185600,4185600,17977015114141440
3,134773120,268726986,90194670082
3,4,0,17977015114141440
3,202382080,917504,268726986
3,3284480,4185600,17977015115055104
3,553474,285569738,285569738
3,8,0,17977015115055104
3,3840,917504,43016812933
3,4185600,4185600,14599315595991300
3,619010,100694405,38655324674
3,9,4,17977015114141440
3,3840,202382084,38655324674
3,4185600,3399168,17977015114141440
3,268726986,2585090,38660436482
3,0,44,17977015114141440
3,917504,3840,373667885570
3,4185600,4185600,17977015114141440
3,285569738,225794,4741643925829
3,0,3,17977015172857856
3,917504,3840,31047
3,4185600,4185600,17977015172857856
3,134248837,2585090,373662446082
3,6,39,17977015114141440
3,202382084,3840,17180488194
3,3399168,4185600,17977015114141440
3,555335,292866,4445992972
3,0,256,17977015180202608
3,58720256,3840,30748
3,4185600,4185600,17977015121535344
3,31000,291330,16255303
3,0,4,17977015172857856
3,0,3840,31047
3,4185600,4185600,17977015172857856
3,31000,2519554,38654996994
3,0,4,17977015114141440
3,0,3840,137422534681
3,4185600,4185600,17977015114208260
3,33978384,33847312,17180619266
3,752,584,17977015114141440
3,133292287,133292287,47244931586
3,4185600,4185600,17977015114141440
3,369586704,369455632,21475193346
3,255,255,17977015114141440
3,8381695,8381695,8657401881
3,4185600,4185600,17977015114203653
3,268726986,225794,8657336345
3,0,3,17977015114139391
3,917504,3840,17717031440
3,4185600,4185600,17977015247429887
3,285569738,268726986,22028841488
3,0,0,17977015122519295
3,917504,917504,17180160514
3,4185600,4185600,17977015114141440
3,101087616,285569738,21475193346
3,4,0,17977015114141440
3,202382080,917504,17180160514
3,3284480,4185600,17977015114141440
3,34109456,67139973,21475193346
3,760,3,17977015114141440
3,133292287,202379524,268726986
3,4185600,3399168,17977015115055104
3,369717776,31047,285569738
3,255,0,17977015115055104
3,8381695,58720256,17247271296
3,4185600,4185600,14106734386747648
3,268726986,29186,17180160514
3,0,0,17977015114141440
3,917504,3840,17180160514
3,4185600,4185600,17977015114141440
3,285569738,2454018,25770160642
3,0,0,17977015114141440
3,917504,3840,21475193346
3,4185600,4185600,17977015114141440
3,134773120,33585168,30065259010
3,4,588,17977015114141440
3,202379520,133292287,30065521154
3,3284480,4185600,17977015114141440
3,134248470,369652240,12885127682
3,30576,255,17977015114141440
3,255,8381695,12885914114
3,4185600,4185600,17977015114141440
3,30742,291330,31047
3,30480,0,17977015172857856
3,255,3840,17180750338
3,4185600,4185600,17977015114141440
3,34109456,356866,21475652098
3,761,8,17977015114141440
3,133292287,3840,47245390338
3,4185600,4185600,17977015114141440
3,369717776,33978384,64425521666
3,255,568,17977015114141440
3,8381695,133292287,274878003525
3,4185600,4185600,17977015172857856
3,268726986,369586704,252212040
3,0,255,17977015177052160
3,917504,8381695,576460804062081929
3,4185600,4185600,14106734185152523
3,285569738,291330,31003
3,0,4,17977015172857856
3,917504,3840,96577
3,4185600,4185600,17977015172857856
3,134773120,356866,60130488834
3,4,5,17977015114141440
3,202379520,3840,60135600642
3,3284480,4185600,17977015114141440
3,134772758,268726986,395137282562
3,30576,0,17977015114141440
3,255,917504,17180160514
3,4185600,4185600,17977015114141440
3,134903830,285569738,17180160514
3,30480,0,17977015114141440
3,255,917504,17185993218
3,4185600,4185600,17977015114141440
3,34109456,100694405,38654996994
3,762,4,17977015114141440
3,133292287,202382084,137422534681
3,4185600,3399168,17977015114208260
3,369717776,487938,17180619266
3,255,0,17977015114141440
3,8381695,3840,47244931586
3,4185600,4185600,17977015114141440
3,268726986,553474,21475193346
3,0,8,17977015114141440
3,917504,3840,8657401881
3,4185600,4185600,17977015114203653
3,285569738,31047,8657336345
3,0,0,17977015114139391
3,917504,58720256,17515704848
3,4185600,4185600,17977015247429887
3,134773120,31001,21827514896
3,4,0,17977015122519295
3,202379520,227377,17180160514
3,3284480,0,17977015114141440
3,134772758,2819755232,21475193346
3,30576,5241,17977015114141440
3,255,2819755232,17180160514
3,4185600,5241,17977015114141440
3,134969366,0,21475193346
3,30480,0,17977015114141440
3,255,0,268726986
3,4185600,0,17977015115055104
3,34109456,29186,285569738
3,763,0,17977015115055104
3,133292287,3840,399499098501
3,4185600,4185600,14599315595991300
3,369717776,225794,4446255120
3,255,0,17977015248347391
3,8381695,3840,17180160514
3,4185600,4185600,17977015114141440
3,268726986,33847312,17185600002
3,0,568,17977015114141440
3,917504,133292287,373667885570
3,4185600,4185600,17977015114141440
3,285569738,369455632,18446744039365835079
3,0,255,17977015173119999
3,917504,8381695,31041
3,4185600,4185600,17977015172857856
3,134773120,268726986,927746783248
3,4,0,17977015247429887
3,202379520,917504,1095586116112
3,3284480,4185600,17977015122519295
3,134772758,285569738,268726986
3,30576,0,17977015115055104
3,255,917504,285569738
3,4185600,4185600,17977015115055104
3,135034902,67402112,17247271296
3,30480,4,14106734386747648
3,255,202382080,17180160514
3,4185600,3284480,17977015114141440
3,34109456,291330,17180160514
3,764,4,17977015114141440
3,133292287,3840,17180094978
3,4185600,4185600,17977015114141440
3,369717776,356866,1030825998352
3,255,5,17977015247429887
3,8381695,3840,1095586116112
3,4185600,4185600,17977015122519295
3,268726986,268726986,268726986
3,0,0,17977015115055104
3,917504,917504,285569738
3,4185600,4185600,17977015115055104
3,285569738,285569738,12952041861
3,0,0,14599315595991300
3,917504,917504,962106521616
3,4185600,4185600,17977015247429887
3,134773120,67139973,1095586116112
3,4,3,17977015122519295
3,202379520,202381572,268726986
3,3284480,3399168,17977015115055104
3,134772758,33847312,285569738
3,30576,568,17977015115055104
3,255,133292287,17247271296
3,4185600,4185600,14106734386748160
3,135100438,369455632,17180160514
3,30480,255,17977015114141440
3,255,8381695,21475193346
3,4185600,4185600,17977015114141440
3,34109456,268726986,268726986
3,765,0,17977015115055104
3,133292287,917504,285569738
3,4185600,4185600,17977015115055104
3,369717776,285569738,17247271296
3,255,0,14106734386747648
3,8381695,917504,19025654288
3,4185600,4185600,17977015248347391
3,268726986,67402112,468218573324
3,0,4,17977015180210800
3,917504,202382080,30748
3,4185600,3284480,17977015121535344
3,285569738,29186,29186
3,0,4,17977015114141440
3,917504,3840,30748
3,4185600,4185600,17977015121539184
3,134773120,356866,7303682
3,4,5,17977015114141440
3,202379520,3840,1992865249605
3,3284480,4185600,17977015172857856
3,134772758,225794,7080263
3,30576,255,17977015172857856
3,255,3840,31047
3,4185600,4185600,17977015172857856
3,135165974,292880,1013646129168
3,30480,4,17977015247429887
3,255,133292287,1095586116112
3,4185600,4185600,17977015122519295
3,34109456,84242960,996466391056
3,766,255,17977015247429887
3,133292287,8381695,1095586247184
3,4185600,4185600,17977015122519295
3,369717776,268726986,1030826260496
3,255,0,17977015247429887
3,8381695,917504,1095586378256
3,4185600,4185600,17977015122519295
3,268726986,285569738,17180160514
3,0,0,17977015114141440
3,917504,917504,21475193346
3,4185600,4185600,17977015114141440
3,285569738,67139973,25770226178
3,0,3,17977015114141440
3,917504,202381572,30065259010
3,4185600,3399168,17977015114141440
3,134773120,33847312,34360291842
3,4,568,17977015114141440
3,202379520,133292287,38655324674
3,3284480,4185600,17977015114141440
3,134772758,369455632,17180160514
3,30576,255,17977015114141440
3,255,8381695,21475193346
3,4185600,4185600,17977015114141440
3,135231510,268726986,25770226178
3,30480,0,17977015114141440
3,255,917504,30065259010
3,4185600,4185600,17977015114141440
3,34109456,285569738,34360291842
3,767,0,17977015114141440
3,133292287,917504,38655324674
3,4185600,4185600,17977015114141440
3,369717776,67402112,6889335213044037634
3,255,4,17977015114141440
3,8381695,202382080,22501335070722
3,4185600,3284480,17977015114141440
3,268726986,29186,8601768601290045763
3,0,4,17977015177052180
3,917504,3840,17180160514
3,4185600,4185600,17977015114141440
3,285569738,356866,17180160514
3,0,5,17977015114141440
3,917504,3840,17187172866
3,4185600,4185600,17977015114141440
3,134773120,292880,476748673538
3,4,4,17977015114141440
3,202379520,133292287,31047
3,3284480,4185600,17977015172857856
3,134772758,84242960,424257
3,30576,255,17977015172857856
3,255,8381695,476747559426
3,4185600,4185600,17977015114141440
3,134772758,268726986,403733115394
3,30480,0,17977015114141440
3,255,917504,555335
3,4185600,4185600,17977015172857856
3,225794,285569738,31000
3,3,0,17977015114137600
3,3840,917504,31000
3,4185600,4185600,17977015114137600
3,422402,67402112,403726955010
3,6,4,17977015114141440
3,3840,202381568,29186
3,4185600,3284480,17977015114141440
3,487938,291330,29186
3,7,4,17977015114141440
3,3840,3840,29186
3,4185600,4185600,17977015114141440
3,29186,291330,408022184450
3,0,4,17977015114141440
3,3840,3840,429497086466
3,4185600,4185600,17977015114141440
3,684546,31047,268726986
3,10,0,17977015115055104
3,3840,58720256,285569738
3,4185600,4185600,17977015115055104
3,750082,30722,67139973
3,11,1,14599315595991300
3,3840,3840,1133905213456
3,4185600,4185600,17977015247429887
3,815618,29186,1095586116112
3,12,0,17977015122519295
3,3840,3840,268726986
3,4185600,4185600,17977015115055104
3,881154,29186,285569738
3,13,0,17977015115055104
3,3840,3840,17247271296
3,4185600,4185600,14106734386748160
3,946690,50558998,1168265082896
3,14,21520,17977015247429887
3,3840,0,1095586247184
3,4185600,4185600,17977015122519295
3,1012226,30722,268726986
3,15,1,17977015115055104
3,3840,3840,285569738
3,4185600,4185600,17977015115055104
3,553474,29186,17280956800
3,8,0,14106734386745600
3,3840,3840,131323020736534
3,4185600,4185600,17977015114137855
3,1929730,29186,130910603212822
3,3,0,17977015114137855
3,3840,3840,17180160514
3,4185600,4185600,17977015114141440
3,34174992,227350,21475193346
3,703,30224,17977015114141440
3,133292287,3,859027437584
3,4185600,4185600,17977015247429887
3,370307600,30722,1095586247184
3,255,4294967295,17977015122519295
3,8381695,3840,268726986
3,4185600,4185600,17977015115055104
3,134445078,29186,285569738
3,30224,0,17977015115055104
3,3,3840,17280563589
3,4185600,4185600,14599315595991812
3,553474,29186,408022118914
3,9,0,17977015114141440
3,3840,3840,429503312386
3,4185600,4185600,17977015114141440
3,619010,29186,29186
3,18,0,17977015114141440
3,3840,3840,12885127682
3,4185600,4185600,17977015114141440
3,268726986,422402,429496955394
3,0,0,17977015114141440
3,917504,3840,893387044880
3,4185600,4185600,17977015247429887
3,285569738,33847312,1095586116112
3,0,568,17977015122519295
3,917504,133292287,29186
3,4185600,4185600,17977015114141440
3,134248837,369455632,268726986
3,3,255,17977015115055104
3,202379524,8381695,285569738
3,3399168,4185600,17977015115055104
3,34109456,268726986,67139973
3,702,0,14599315595989252
3,133292287,917504,433798345218
3,4185600,4185600,17977015114141440
3,369717776,285569738,433798345218
3,255,0,17977015114141440
3,8381695,917504,897682012176
3,4185600,4185600,17977015247429887
3,1012226,67402112,1095586116112
3,15,4,17977015122519295
3,3840,202382080,268726986
3,4185600,3284480,17977015115055104
3,268726986,29186,285569738
3,0,4,17977015115055104
3,917504,3840,67139973
3,4185600,4185600,14599315595989252
3,285569738,356866,31047
3,0,5,17977015172857856
3,917504,3840,5273927
3,4185600,4185600,17977015172857856
3,134248837,292880,31000
3,15,8,17977015114137600
3,202379524,133292287,31000
3,3399168,4185600,17977015114137600
3,34109456,84242960,31000
3,701,255,17977015114137600
3,133292287,8381695,31000
3,4185600,4185600,17977015114137600
3,369717776,268726986,31000
3,255,0,17977015114137600
3,8381695,917504,31000
3,4185600,4185600,17977015114137600
3,946690,285569738,31000
3,14,0,17977015114137600
3,3840,917504,31000
3,4185600,4185600,17977015114137600
3,268726986,67139973,31000
3,0,6,17977015114137600
3,917504,202381572,31000
3,4185600,3399168,17977015114137600
3,285569738,291330,31000
3,0,7,17977015114137600
3,917504,3840,31000
3,4185600,4185600,17977015114137600
3,134248837,356866,31000
3,14,8,17977015114137600
3,202379524,3840,31000
3,3399168,4185600,17977015114137600
3,34109456,33978384,31000
3,700,552,17977015114137600
3,133292287,133292287,31000
3,4185600,4185600,17977015114137600
3,369717776,369586704,31000
3,255,255,17977015114137600
3,8381695,8381695,31000
3,4185600,4185600,17977015114137600
3,881154,291330,31000
3,13,4,17977015114137600
3,3840,3840,31000
3,4185600,4185600,17977015114137600
3,268726986,356866,2353675925520
3,0,5,17977015247429887
3,917504,3840,1095586116112
3,4185600,4185600,17977015122519295
3,285569738,268726986,268726986
3,0,0,17977015115055104
3,917504,917504,285569738
3,4185600,4185600,17977015115055104
3,134248837,285569738,17247271296
3,13,0,14106734386747648
3,202379524,917504,17180160514
3,3399168,4185600,17977015114141440
3,34109456,100694405,17180160514
3,699,4,17977015114141440
3,133292287,202382084,17180160514
3,4185600,3399168,17977015114141440
3,369717776,5599746,17180160514
3,255,39,17977015114141440
3,8381695,3840,17180160514
3,4185600,4185600,17977015114141440
3,815618,5599746,17184944642
3,12,85,17977015114141440
3,3840,3840,555335
3,4185600,4185600,17977015172857856
3,268726986,5534210,31000
3,0,37,17977015114137600
3,917504,3840,31000
3,4185600,4185600,17977015114137600
3,285569738,5534210,2473935009808
3,0,84,17977015247429887
3,917504,3840,1095586116112
3,4185600,4185600,17977015122519295
3,134248837,4278220822,268726986
3,12,30224,17977015115055104
3,202379524,0,285569738
3,3399168,4185600,17977015115055104
3,34109456,33847312,17247271296
3,698,560,14106734386748160
3,133292287,133292287,2508294879248
3,4185600,4185600,17977015247429887
3,369717776,369455632,1095586247184
3,255,255,17977015122519295
3,8381695,8381695,268726986
3,4185600,4185600,17977015115055104
3,750082,29186,285569738
3,11,0,17977015115055104
3,3840,3840,17280956800
3,4185600,4185600,14106734386745600
3,268726986,268726986,131323020736534
3,0,0,17977015114137855
3,917504,917504,130910603212822
3,4185600,4185600,17977015114137855
3,285569738,285569738,17180160514
3,0,0,17977015114141440
3,917504,917504,21475193346
3,4185600,4185600,17977015114141440
3,134248837,67139973,790307960848
3,11,0,17977015247429887
3,202379524,202379524,1095586247184
3,3399168,3399168,17977015122519295
3,34109456,31047,268726986
3,697,0,17977015115055104
3,133292287,58720256,285569738
3,4185600,4185600,17977015115055104
3,369717776,555335,17280563589
3,255,0,14599315595991812
3,8381695,58720256,824667568144
3,4185600,4185600,17977015247429887
3,684546,31000,1095586116112
3,10,0,17977015122519295
3,3840,0,29186
3,4185600,4185600,17977015114141440
3,268726986,31000,268726986
3,0,0,17977015115055104
3,917504,0,285569738
3,4185600,4185600,17977015115055104
3,285569738,33847312,67139973
3,0,552,14599315595989252
3,917504,133292287,330712510978
3,4185600,4185600,17977015114141440
3,134248837,369455632,841847437328
3,10,255,17977015247429887
3,202379524,8381695,1095586116112
3,3399168,4185600,17977015122519295
3,34109456,268726986,268726986
3,696,0,17977015115055104
3,133292287,917504,285569738
3,4185600,4185600,17977015115055104
3,369717776,285569738,67139973
3,255,0,14599315595991300
3,8381695,917504,163213898242
3,4185600,4185600,17977015114141440
3,29186,67402112,335012590082
3,0,4,17977015114141440
3,3840,202382080,31047
3,4185600,3284480,17977015172857856
3,268726986,291330,790307829776
3,0,4,17977015247429887
3,917504,3840,1095586116112
3,4185600,4185600,17977015122519295
3,285569738,356866,268726986
3,0,5,17977015115055104
3,917504,3840,285569738
3,4185600,4185600,17977015115055104
3,134248837,33978384,17247271296
3,0,560,14106734386748160
3,202379524,133292287,17179898370
3,3399168,4185600,17977015114141440
3,34109456,369586704,21475193346
3,688,255,17977015114141440
3,133292287,8381695,68719769616
3,4185600,4185600,17977015247429887
3,369717776,268726986,1095300903440
3,255,0,17977015122519295
3,8381695,917504,268726986
3,4185600,4185600,17977015115055104
3,268726986,285569738,285569738
3,0,0,17977015115055104
3,917504,917504,17247271296
3,4185600,4185600,14106734386747648
3,285569738,101087616,1095283798540
3,0,4,17977015180206704
3,917504,202379520,30748
3,4185600,3284480,17977015121535344
3,134248837,100694038,3298535307589
3,6,30576,17977015172857856
3,202382084,255,12060999
3,3399168,4185600,17977015172857856
3,33978384,30742,31047
3,3196,30480,17977015172857856
3,133292287,255,790307829776
3,4185600,4185600,17977015247429887
3,369586704,291330,1095586116112
3,255,4,17977015122519295
3,8381695,3840,268726986
3,4185600,4185600,17977015115055104
3,422402,356866,285569738
3,6,5,17977015115055104
3,3840,3840,17247271296
3,4185600,4185600,14106734386748160
3,487938,33978384,17180160514
3,7,536,17977015114141440
3,3840,133292287,21475193346
3,4185600,4185600,17977015114141440
3,34109456,369586704,268726986
3,704,255,17977015115055104
3,133292287,8381695,285569738
3,4185600,4185600,17977015115055104
3,369717776,268726986,17247271296
3,255,0,14106734386748160
3,8381695,917504,17180094978
3,4185600,4185600,17977015114141440
3,422402,285569738,21475258882
3,6,0,17977015114141440
3,3840,917504,34410297360
3,4185600,4185600,17977015247429887
3,487938,100694405,1095317746192
3,7,4,17977015122519295
3,3840,202382084,790307829776
3,4185600,3399168,17977015247429887
3,268726986,30742,1095586116112
3,0,21520,17977015122519295
3,917504,255,268726986
3,4185600,4185600,17977015115055104
3,285569738,33847312,285569738
3,0,544,17977015115055104
3,917504,133292287,17247271296
3,4185600,4185600,14106734386748160
3,134248837,369455632,17179898370
3,6,255,17977015114141440
3,202382084,8381695,21475193346
3,3399168,4185600,17977015114141440
3,31047,227350,51539900432
3,0,30258,17977015247429887
3,58720256,3,1095300903440
3,4185600,4185600,17977015122519295
3,29186,268726986,268726986
3,255,0,17977015115055104
3,3840,917504,285569738
3,4185600,4185600,17977015115055104
3,29186,285569738,17247271296
3,0,0,14106734386747648
3,3840,917504,17180160514
3,4185600,4185600,17977015114141440
3,29186,67139973,137422534681
3,0,3,17977015114208260
3,3840,202379524,17179898370
3,4185600,3399168,17977015114141440
3,1864194,5206530,291330
3,0,85,17977015114141440
3,3840,3840,21475193346
3,4185600,4185600,17977015114141440
3,1864194,29186,8657401881
3,28,0,17977015114203653
3,3840,3840,8657336345
3,4185600,4185600,17977015114139391
3,424261,5206530,17230492176
3,1520,79,17977015247429887
3,58720256,3840,21575856656
3,4185600,4185600,17977015122519295
3,31047,5140994,841847568400
3,0,84,17977015247429887
3,58720256,3840,1095586247184
3,4185600,4185600,17977015122519295
3,29186,5140994,17180160514
3,28,78,17977015114141440
3,3840,3840,21475193346
3,4185600,4185600,17977015114141440
3,2388482,33847312,25770226178
3,0,545,17977015114141440
3,3840,133292287,30065259010
3,4185600,4185600,17977015114141440
3,604010508,369455632,6889348132305664002
3,20,255,17977015114141440
3,66065008,8381695,22501335070722
3,4185600,4185600,17977015114141440
3,30748,29186,8601768498215024963
3,0,0,17977015177052180
3,7397744,3840,31047
3,4185600,4185600,17977015172857856
3,6293831,268726986,424257
3,4,0,17977015172857856
3,58720256,917504,31047
3,4185600,4185600,17977015172857856
3,31047,285569738,31048
3,0,0,17977015172857856
3,58720256,917504,31517
3,4185600,4185600,14599315393675264
3,604010532,67139973,790307829776
3,256,0,17977015247429887
3,126747391,202379524,1095586116112
3,4185600,3399168,17977015122519295
3,486568464,31047,268726986
3,0,0,17977015115055104
3,134209791,58720256,285569738
3,4185600,4185600,17977015115055104
3,29186,30722,17247271296
3,0,31,14106734386748160
3,3840,3840,17179898370
3,4185600,4185600,17977015114141440
3,4278482969,29186,21475193346
3,31,0,17977015114141440
3,70656,3840,34360031248
3,4185600,4185600,17977015247429887
3,356866,5075458,1095300903440
3,4,0,17977015122519295
3,3840,3840,268726986
3,4185600,4185600,17977015115055104
3,291330,29186,285569738
3,0,79,17977015115055104
3,3840,3840,17247271296
3,4185600,4185600,14106734386747648
3,291330,33847312,1095283798540
3,4,548,17977015180206704
3,3840,133292287,30748
3,4185600,4185600,17977015121535344
3,356866,369455632,49546743150917
3,5,255,17977015172857856
3,3840,8381695,188982495559
3,4185600,4185600,17977015172857856
3,33978384,268726986,31047
3,688,0,17977015172857856
3,133292287,917504,790307829776
3,4185600,4185600,17977015247429887
3,369586704,285569738,1095586116112
3,255,0,17977015122519295
3,8381695,917504,268726986
3,4185600,4185600,17977015115055104
3,422402,67139973,285569738
3,6,0,17977015115055104
3,3840,202381572,17247271296
3,4185600,3399168,14106734386748160
3,487938,33847312,824667699216
3,7,536,17977015247429887
3,3840,133292287,1095586247184
3,4185600,4185600,17977015122519295
3,34109456,369455632,268726986
3,680,255,17977015115055104
3,133292287,8381695,285569738
3,4185600,4185600,17977015115055104
3,369717776,268726986,17280956800
3,255,0,14106734386745600
3,8381695,917504,131323020736534
3,4185600,4185600,17977015114137855
3,422402,285569738,130910603212822
3,6,0,17977015114137855
3,3840,917504,841847568400
3,4185600,4185600,17977015247429887
3,487938,67402112,1095586247184
3,7,4,17977015122519295
3,3840,202382080,268726986
3,4185600,3284480,17977015115055104
3,268726986,33978384,285569738
3,0,545,17977015115055104
3,917504,133292287,17280760192
3,4185600,4185600,14106734386747648
3,285569738,369586704,17180160514
3,0,255,17977015114141440
3,917504,8381695,21475193346
3,4185600,4185600,17977015114141440
3,134248837,268726986,687228745744
3,6,0,17977015247429887
3,202382084,917504,1095586247184
3,3399168,4185600,17977015122519295
3,1208834,285569738,268726986
3,4,0,17977015115055104
3,3840,917504,285569738
3,4185600,4185600,17977015115055104
3,1274370,101087616,17280563589
3,5,4,14599315595991812
3,3840,202379520,721588353040
3,4185600,3284480,17977015247429887
3,31047,100694038,1095586116112
3,0,30576,17977015122519295
3,58720256,255,29186
3,4185600,4185600,17977015114141440
3,555335,30742,268726986
3,0,30480,17977015115055104
3,58720256,255,285569738
3,4185600,4185600,17977015115055104
3,31000,291330,67139973
3,0,4,14599315595989252
3,0,3840,12885127682
3,4185600,4185600,17977015114141440
3,31000,356866,738768222224
3,0,5,17977015247429887
3,0,3840,1095586116112
3,4185600,4185600,17977015122519295
3,33847312,33978384,268726986
3,680,520,17977015115055104
3,133292287,133292287,285569738
3,4185600,4185600,17977015115055104
3,369455632,369586704,12952041861
3,255,255,14599315595991300
3,8381695,8381695,335012655618
3,4185600,4185600,17977015114141440
3,268726986,268726986,339307622914
3,0,0,17977015114141440
3,917504,917504,755948091408
3,4185600,4185600,17977015247429887
3,285569738,285569738,1095586116112
3,0,0,17977015122519295
3,917504,917504,268726986
3,4185600,4185600,17977015115055104
3,67402112,100694405,285569738
3,4,4,17977015115055104
3,202382080,202382084,67139973
3,3284480,3399168,14599315595989252
3,29186,36993040,31047
3,4,548,17977015172857856
3,3840,133292287,687228614672
3,4185600,4185600,17977015247429887
3,356866,372208144,1095586116112
3,5,255,17977015122519295
3,3840,8381695,268726986
3,4185600,4185600,17977015115055104
3,292880,3437058,285569738
3,8,52,17977015115055104
3,133292287,3840,17247271296
3,4185600,4185600,14106734386748160
3,84242960,3109378,17180160514
3,255,47,17977015114141440
3,8381695,3840,21475193346
3,4185600,4185600,17977015114141440
3,33978384,29186,268726986
3,680,0,17977015115055104
3,133292287,3840,285569738
3,4185600,4185600,17977015115055104
3,369586704,3437058,17247271296
3,255,52,14106734386748160
3,8381695,3840,17179898370
3,4185600,4185600,17977015114141440
3,268726986,3109378,21475193346
3,0,47,17977015114141440
3,917504,3840,34360031248
3,4185600,4185600,17977015247429887
3,285569738,33847312,1095300903440
3,0,528,17977015122519295
3,917504,133292287,17247270928
3,4185600,4185600,17977015247429887
3,101087616,369455632,1095300903440
3,4,255,17977015122519295
3,202382080,8381695,268726986
3,3284480,4185600,17977015115055104
3,422402,29186,285569738
3,6,0,17977015115055104
3,3840,3840,17247271296
3,4185600,4185600,14106734386747648
3,487938,268726986,17179898370
3,7,0,17977015114141440
3,3840,917504,773127960592
3,4185600,4185600,17977015247429887
3,268726986,285569738,1095586116112
3,0,0,17977015122519295
3,917504,917504,268726986
3,4185600,4185600,17977015115055104
3,285569738,67139973,285569738
3,0,0,17977015115055104
3,917504,202379524,67139973
3,4185600,3399168,14599315595991300
3,101087616,3043842,721588353040
3,4,77,17977015247429887
3,202382080,3840,1095586116112
3,3284480,4185600,17977015122519295
3,29186,3043842,738768353296
3,6,46,17977015247429887
3,3840,3840,1095586247184
3,4185600,4185600,17977015122519295
3,487938,33847312,773128222736
3,7,529,17977015247429887
3,3840,133292287,1095586378256
3,4185600,4185600,17977015122519295
3,422402,369455632,17180160514
3,18,255,17977015114141440
3,3840,8381695,21475193346
3,4185600,4185600,17977015114141440
3,225794,268726986,25770226178
3,19,0,17977015114141440
3,3840,917504,30065259010
3,4185600,4185600,17977015114141440
3,422416,285569738,34360291842
3,6,0,17977015114141440
3,133292287,917504,38655324674
3,4185600,4185600,17977015114141440
3,117928464,67139973,6889355416570198018
3,3,0,17977015114141440
3,8381695,202379524,22501335070722
3,4185600,3399168,17977015114141440
3,291330,31047,8601768601290045763
3,4,0,17977015177052180
3,3840,58720256,17180160514
3,4185600,4185600,17977015114141440
3,356866,33847312,738768353296
3,5,520,17977015247429887
3,3840,133292287,1095586247184
3,4185600,4185600,17977015122519295
3,422402,369455632,268726986
3,6,255,17977015115055104
3,3840,8381695,285569738
3,4185600,4185600,17977015115055104
3,487938,268726986,17280563589
3,7,0,14599315595991300
3,3840,917504,555335
3,4185600,4185600,17977015172857856
3,1341442,285569738,31000
3,1604005280,0,17977015114137600
3,3840,917504,31000
3,4185600,4185600,17977015114137600
3,1406978,67402112,687228614672
3,5239,4,17977015247429887
3,3840,202382080,1095586116112
3,4185600,3284480,17977015122519295
3,12613955,422402,268726986
3,2002755328,52,17977015115055104
3,62914580,3840,285569738
3,4185600,4185600,17977015115055104
3,291330,487938,17247271296
3,4,47,14106734386748160
3,3840,3840,721588484112
3,4185600,4185600,17977015247429887
3,29186,268726986,1095586247184
3,4,0,17977015122519295
3,3840,917504,268726986
3,4185600,4185600,17977015115055104
3,33847312,285569738,285569738
3,704,0,17977015115055104
3,133292287,917504,17280956800
3,4185600,4185600,14106734386745600
3,369455632,100694400,131323020736534
3,255,4,192321
3,202381568,8381695,22512743355536
3,3284480,4185600,22512743355536
3,29186,268726986,65385968
3,4,0,65385968
3,3840,917504,1095586247184
3,4185600,4185600,17977015122519295
3,33847312,285569738,268726986
3,1572,0,17977015115055104
3,133292287,917504,285569738
3,4185600,4185600,17977015115055104
3,369455632,100694405,17280760192
3,255,4,14106734386747648
3,8381695,202382084,17180160514
3,4185600,3399168,17977015114141440
3,268726986,3568130,21475193346
3,0,45,17977015114141440
3,917504,3840,584149530640
3,4185600,4185600,17977015247429887
3,285569738,3502594,1095586247184
3,0,46,17977015122519295
3,917504,3840,268726986
3,4185600,4185600,17977015115055104
3,67139973,29186,285569738
3,0,0,17977015115055104
3,202381572,3840,17280563589
3,3399168,4185600,14599315595991812
3,33847312,3568130,618509137936
3,1560,54,17977015247429887
3,133292287,3840,1095586116112
3,4185600,4185600,17977015122519295
3,369455632,3502594,29186
3,255,53,17977015114141440
3,8381695,3840,268726986
3,4185600,4185600,17977015115055104
3,33978384,33847312,285569738
3,1564,1360,17977015115055104
3,133292287,133292287,67139973
3,4185600,4185600,14599315595989252
3,369586704,369455632,12885127682
3,255,255,17977015114141440
3,8381695,8381695,635689007120
3,4185600,4185600,17977015247429887
3,34109456,29186,1095586116112
3,1572,0,17977015122519295
3,133292287,3840,268726986
3,4185600,4185600,17977015115055104
3,369717776,268726986,285569738
3,255,0,17977015115055104
3,8381695,917504,12952041861
3,4185600,4185600,14599315595991300
3,291330,285569738,339307950594
3,4,0,17977015114141440
3,3840,917504,360782787074
3,4185600,4185600,17977015114141440
3,356866,67139973,652868876304
3,5,0,17977015247429887
3,3840,202379524,1095586116112
3,4185600,3399168,17977015122519295
3,422402,3633666,268726986
3,6,44,17977015115055104
3,3840,3840,285569738
3,4185600,4185600,17977015115055104
3,487938,3633666,67139973
3,7,55,14599315595989252
3,3840,3840,31047
3,4185600,4185600,17977015172857856
3,553474,33847312,584149399568
3,8,1361,17977015247429887
3,3840,133292287,1095586116112
3,4185600,4185600,17977015122519295
3,619010,369455632,268726986
3,9,255,17977015115055104
3,3840,8381695,285569738
3,4185600,4185600,17977015115055104
3,1341442,268726986,17247271296
3,1603936288,0,14106734386748160
3,3840,917504,17180160514
3,4185600,4185600,17977015114141440
3,1406978,285569738,21475193346
3,5239,0,17977015114141440
3,3840,917504,268726986
3,4185600,4185600,17977015115055104
3,31043,67139973,285569738
3,2002755320,0,17977015115055104
3,62914580,202379524,17247271296
3,4185600,3399168,14106734386748160
3,291330,31047,17179898370
3,4,0,17977015114141440
3,3840,58720256,21475193346
3,4185600,4185600,17977015114141440
3,33978384,33847312,34360031248
3,1564,1352,17977015247429887
3,133292287,133292287,1095300903440
3,4185600,4185600,17977015122519295
3,369586704,369455632,34427140112
3,255,255,17977015247429887
3,8381695,8381695,1095300903440
3,4185600,4185600,17977015122519295
3,268726986,268726986,268726986
3,0,0,17977015115055104
3,917504,917504,285569738
3,4185600,4185600,17977015115055104
3,285569738,285569738,17247271296
3,0,0,14106734386747648
3,917504,917504,17179898370
3,4185600,4185600,17977015114141440
3,100694405,67402112,670048745488
3,4,4,17977015247429887
3,202381572,202382080,1095586116112
3,3399168,3284480,17977015122519295
3,555335,422402,268726986
3,0,54,17977015115055104
3,58720256,3840,285569738
3,4185600,4185600,17977015115055104
3,31000,487938,67139973
3,0,53,14599315595991300
3,0,3840,618509137936
3,4185600,4185600,17977015247429887
3,31000,268726986,1095586116112
3,0,0,17977015122519295
3,0,917504,635689138192
3,4185600,4185600,17977015247429887
3,33847312,285569738,1095586247184
3,1552,0,17977015122519295
3,133292287,917504,670049007632
3,4185600,4185600,17977015247429887
3,369455632,100694400,1095586378256
3,255,4,17977015122519295
3,8381695,202381568,17180160514
3,4185600,3284480,17977015114141440
3,268726986,33978384,21475193346
3,0,1360,17977015114141440
3,917504,133292287,25770226178
3,4185600,4185600,17977015114141440
3,285569738,369586704,30065259010
3,0,255,17977015114141440
3,917504,8381695,34360291842
3,4185600,4185600,17977015114141440
3,67402112,268726986,38655324674
3,4,0,17977015114141440
3,202382080,917504,6889361807481534466
3,3284480,4185600,17977015114141440
3,33978384,285569738,22501335070722
3,1560,0,17977015114141440
3,133292287,917504,8601768601290045763
3,4185600,4185600,17977015177052180
3,369586704,101087616,17180160514
3,255,4,17977015114141440
3,8381695,202379520,635689138192
3,4185600,3284480,17977015247429887
3,268726986,100890646,1095586247184
3,0,30576,17977015122519295
3,917504,255,268726986
3,4185600,4185600,17977015115055104
3,285569738,50558998,285569738
3,0,30480,17977015115055104
3,917504,255,17280563589
3,4185600,4185600,14599315595991300
3,101087616,291330,555335
3,4,4,17977015172857856
3,202379520,3840,31000
3,3284480,4185600,17977015114137600
3,100694038,356866,31000
3,30576,5,17977015114137600
3,255,3840,584149399568
3,4185600,4185600,17977015247429887
3,30742,33978384,1095586116112
3,30480,1336,17977015122519295
3,255,133292287,268726986
3,4185600,4185600,17977015115055104
3,33978384,369586704,285569738
3,1564,255,17977015115055104
3,133292287,8381695,17247271296
3,4185600,4185600,14106734386748160
3,369586704,268726986,618509269008
3,255,0,17977015247429887
3,8381695,917504,1095586247184
3,4185600,4185600,17977015122519295
3,268726986,285569738,268726986
3,0,0,17977015115055104
3,917504,917504,285569738
3,4185600,4185600,17977015115055104
3,285569738,100694405,17280956800
3,0,4,14106734386745600
3,917504,202382084,131323020736534
3,4185600,3399168,17977015114137855
3,100891008,29186,130910603212822
3,4,0,17977015114137855
3,202381568,3840,635689138192
3,3284480,4185600,17977015247429887
3,291330,225794,1095586247184
3,4,3,17977015122519295
3,3840,3840,268726986
3,4185600,4185600,17977015115055104
3,356866,3961346,285569738
3,5,0,17977015115055104
3,3840,3840,17280760192
3,4185600,4185600,14106734386747648
3,33978384,33847312,17180160514
3,1528,1344,17977015114141440
3,133292287,133292287,21475193346
3,4185600,4185600,17977015114141440
3,369586704,369455632,481070315536
3,255,255,17977015247429887
3,8381695,8381695,1095586247184
3,4185600,4185600,17977015122519295
3,268726986,225794,268726986
3,0,3,17977015115055104
3,917504,3840,285569738
3,4185600,4185600,17977015115055104
3,285569738,268726986,17280563589
3,0,0,14599315595991812
3,917504,917504,515429922832
3,4185600,4185600,17977015247429887
3,100694405,285569738,1095586116112
3,4,0,17977015122519295
3,202382084,917504,29186
3,3399168,4185600,17977015114141440
3,33847312,67139973,268726986
3,1536,3,17977015115055104
3,133292287,202379524,285569738
3,4185600,3399168,17977015115055104
3,369455632,4026882,67139973
3,255,55,14599315595989252
3,8381695,3840,12885127682
3,4185600,4185600,17977015114141440
3,29186,4026882,532609792016
3,0,61,17977015247429887
3,3840,3840,1095586116112
3,4185600,4185600,17977015122519295
3,268726986,30722,268726986
3,0,2,17977015115055104
3,917504,3840,285569738
3,4185600,4185600,17977015115055104
3,285569738,29186,12952041861
3,0,0,14599315595991300
3,917504,3840,360782852610
3,4185600,4185600,17977015114141440
3,67139973,4092418,365077819906
3,0,0,17977015114141440
3,202379524,3840,549789661200
3,3399168,4185600,17977015247429887
3,225794,33847312,1095586116112
3,3,1345,17977015122519295
3,3840,133292287,268726986
3,4185600,4185600,17977015115055104
3,33847312,369455632,285569738
3,1540,255,17977015115055104
3,133292287,8381695,67139973
3,4185600,4185600,14599315595989252
3,369455632,268726986,31047
3,255,0,17977015172857856
3,8381695,917504,481070184464
3,4185600,4185600,17977015247429887
3,268726986,285569738,1095586116112
3,0,0,17977015122519295
3,917504,917504,268726986
3,4185600,4185600,17977015115055104
3,285569738,67139973,285569738
3,0,0,17977015115055104
3,917504,202379524,17247271296
3,4185600,3399168,14106734386748160
3,67139973,31047,17180160514
3,3,0,17977015114141440
3,202381572,58720256,21475193346
3,3399168,4185600,17977015114141440
3,6255106,555335,268726986
3,94,0,17977015115055104
3,3840,58720256,285569738
3,4185600,4185600,17977015115055104
3,6255106,31000,17247271296
3,95,0,14106734386748160
3,3840,0,17179898370
3,4185600,4185600,17977015114141440
3,33847312,31000,21475193346
3,1544,0,17977015114141440
3,133292287,0,34360031248
3,4185600,4185600,17977015247429887
3,369455632,33847312,1095300903440
3,255,1336,17977015122519295
3,8381695,133292287,51607009296
3,4185600,4185600,17977015247429887
3,268726986,369455632,1095300903440
3,0,255,17977015122519295
3,917504,8381695,268726986
3,4185600,4185600,17977015115055104
3,285569738,268726986,285569738
3,0,0,17977015115055104
3,917504,917504,17247271296
3,4185600,4185600,14106734386747648
3,67139973,285569738,17179898370
3,0,0,17977015114141440
3,202379524,917504,566969530384
3,3399168,4185600,17977015247429887
3,31047,67402112,1095586116112
3,0,4,17977015122519295
3,58720256,202382080,268726986
3,4185600,3284480,17977015115055104
3,33847312,33978384,285569738
3,1528,1344,17977015115055104
3,133292287,133292287,67139973
3,4185600,4185600,14599315595991300
3,369455632,369586704,515429922832
3,255,255,17977015247429887
3,8381695,8381695,1095586116112
3,4185600,4185600,17977015122519295
3,268726986,268726986,532609923088
3,0,0,17977015247429887
3,917504,917504,1095586247184
3,4185600,4185600,17977015122519295
3,285569738,285569738,566969792528
3,0,0,17977015247429887
3,917504,917504,1095586378256
3,4185600,4185600,17977015122519295
3,67402112,101087616,17180160514
3,4,4,17977015114141440
3,202382080,202379520,21475193346
3,3284480,3284480,17977015114141440
3,291330,100694038,25770226178
3,4,30576,17977015114141440
3,3840,255,30065259010
3,4185600,4185600,17977015114141440
3,356866,30742,34360291842
3,5,30480,17977015114141440
3,3840,255,38655324674
3,4185600,4185600,17977015114141440
3,268726986,291330,6889368198392870914
3,0,4,17977015114141440
3,917504,3840,22501335070722
3,4185600,4185600,17977015114141440
3,285569738,356866,8601768601290045763
3,0,5,17977015177052180
3,58720256,917504,17180160514
3,4185600,4185600,17977015114141440
3,96577,285569738,532609923088
3,0,0,17977015247429887
3,58720256,917504,1095586247184
3,4185600,4185600,17977015122519295
3,946690,67402112,268726986
3,14,4,17977015115055104
3,3840,202382080,285569738
3,4185600,3284480,17977015115055104
3,3633666,29186,17280563589
3,14,4,14599315595991300
3,3840,3840,555335
3,4185600,4185600,17977015172857856
3,291330,356866,31000
3,55,5,17977015114137600
3,3840,3840,31000
3,4185600,4185600,17977015114137600
3,291330,292880,481070184464
3,4,8,17977015247429887
3,3840,133292287,1095586116112
3,4185600,4185600,17977015122519295
3,291330,84242960,268726986
3,4,255,17977015115055104
3,3840,8381695,285569738
3,4185600,4185600,17977015115055104
3,3568130,67401744,17247271296
3,4,12,14106734386748160
3,3840,133292287,515430053904
3,4185600,4185600,17977015247429887
3,291330,84242960,1095586247184
3,9,255,17977015122519295
3,3840,8381695,268726986
3,4185600,4185600,17977015115055104
3,4278548505,268726986,285569738
3,31,0,17977015115055104
3,70660,917504,17280956800
3,4185600,4185600,14106734386745600
3,750082,285569738,131323020736534
3,4,0,17977015114137855
3,3840,917504,130910603212822
3,4185600,4185600,17977015114137855
3,291330,67402112,532609923088
3,11,4,17977015247429887
3,3840,202381568,1095586247184
3,4185600,3284480,17977015122519295
3,356866,29186,268726986
3,5,4,17977015115055104
3,3840,3840,285569738
3,4185600,4185600,17977015115055104
3,67467289,33847312,17280760192
3,2,1028,14106734386747648
3,66053,133292287,17180160514
3,4185600,4185600,17977015114141440
3,67401753,369455632,21475193346
3,2,255,17977015114141440
3,1791,8381695,377991100432
3,4185600,4185600,17977015247429887
3,335835664,268726986,1095586247184
3,4,0,17977015122519295
3,133292287,917504,268726986
3,4185600,4185600,17977015115055104
3,352678416,285569738,285569738
3,5,0,17977015115055104
3,8381695,917504,17280563589
3,4185600,4185600,14599315595991812
3,291330,67139973,412350707728
3,4,0,17977015247429887
3,3840,202381572,1095586116112
3,4185600,3399168,17977015122519295
3,356866,33847312,29186
3,5,1016,17977015114141440
3,3840,133292287,268726986
3,4185600,4185600,17977015115055104
3,291330,369455632,285569738
3,4,255,17977015115055104
3,3840,8381695,67139973
3,4185600,4185600,14599315595989252
3,356866,33978384,12885127682
3,5,1020,17977015114141440
3,3840,133292287,429530576912
3,4185600,4185600,17977015247429887
3,268726986,369586704,1095586116112
3,0,255,17977015122519295
3,917504,8381695,268726986
3,4185600,4185600,17977015115055104
3,285569738,34109456,285569738
3,0,1028,17977015115055104
3,917504,133292287,12952041861
3,4185600,4185600,14599315595991300
3,67139973,369717776,365078475266
3,54,255,17977015114141440
3,202381572,8381695,408028148226
3,3399168,4185600,17977015114141440
3,151287824,291330,446710446096
3,1,4,17977015247429887
3,134209791,3840,1095586116112
3,4185600,4185600,17977015122519295
3,291330,356866,268726986
3,4,5,17977015115055104
3,3840,3840,285569738
3,4185600,4185600,17977015115055104
3,3961346,422402,67139973
3,4,6,14599315595989252
3,3840,3840,31047
3,4185600,4185600,17977015172857856
3,3961346,487938,377990969360
3,60,7,17977015247429887
3,3840,3840,1095586116112
3,4185600,4185600,17977015122519295
3,16021831,553474,268726986
3,4294967288,8,17977015115055104
3,58982399,3840,285569738
3,4185600,4185600,17977015115055104
3,31041,619010,17247271296
3,0,9,14106734386748160
3,58720256,3840,17180160514
3,4185600,4185600,17977015114141440
3,33847312,1341442,21475193346
3,1240,1603981840,17977015114141440
3,133292287,3840,268726986
3,4185600,4185600,17977015115055104
3,369455632,1406978,285569738
3,255,5239,17977015115055104
3,8381695,3840,17247271296
3,4185600,4185600,14106734386748160
3,268726986,31043,17179898370
3,0,2002755320,17977015114141440
3,917504,62914580,21475193346
3,4185600,4185600,17977015114141440
3,285569738,291330,34360031248
3,0,4,17977015247429887
3,917504,3840,1095300903440
3,4185600,4185600,17977015122519295
3,67402112,33978384,68786878480
3,4,1020,17977015247429887
3,202381568,133292287,1095300903440
3,3284480,4185600,17977015122519295
3,291330,369586704,268726986
3,4,255,17977015115055104
3,3840,8381695,285569738
3,4185600,4185600,17977015115055104
3,291330,268726986,17247271296
3,4,0,14106734386747648
3,3840,917504,17179898370
3,4185600,4185600,17977015114141440
3,225794,285569738,463890315280
3,4,0,17977015247429887
3,3840,917504,1095586116112
3,4185600,4185600,17977015122519295
3,33847312,100694405,268726986
3,1264,4,17977015115055104
3,133292287,202381572,285569738
3,4185600,3399168,17977015115055104
3,369455632,31047,67139973
3,255,0,14599315595991300
3,8381695,58720256,412350707728
3,4185600,4185600,17977015247429887
3,268726986,424257,1095586116112
3,0,0,17977015122519295
3,917504,58720256,429530707984
3,4185600,4185600,17977015247429887
3,285569738,555335,1095586247184
3,0,0,17977015122519295
3,917504,58720256,463890577424
3,4185600,4185600,17977015247429887
3,67139973,31000,1095586378256
3,3,0,17977015122519295
3,202381572,0,17180160514
3,3399168,4185600,17977015114141440
3,33847312,31000,21475193346
3,1248,0,17977015114141440
3,133292287,0,25770226178
3,4185600,4185600,17977015114141440
3,369455632,33847312,30065259010
3,255,1008,17977015114141440
3,8381695,133292287,34360291842
3,4185600,4185600,17977015114141440
3,268726986,369455632,38655324674
3,0,255,17977015114141440
3,917504,8381695,6889374589304207362
3,4185600,4185600,17977015114141440
3,285569738,268726986,22501335070722
3,0,0,17977015114141440
3,917504,917504,8601768601290045763
3,4185600,4185600,17977015177052180
3,67402112,285569738,17180160514
3,4,0,17977015114141440
3,202382080,917504,429530707984
3,3284480,4185600,17977015247429887
3,291330,67402112,1095586247184
3,4,4,17977015122519295
3,3840,202382080,268726986
3,4185600,3284480,17977015115055104
3,356866,33978384,285569738
3,5,1016,17977015115055104
3,3840,133292287,17280563589
3,4185600,4185600,14599315595991300
3,268726986,369586704,555335
3,0,255,17977015172857856
3,917504,8381695,31000
3,4185600,4185600,17977015114137600
3,285569738,268726986,31000
3,0,0,17977015114137600
3,917504,917504,377990969360
3,4185600,4185600,17977015247429887
3,67402112,285569738,1095586116112
3,4,0,17977015122519295
3,202381568,917504,268726986
3,3284480,4185600,17977015115055104
3,1443131920,101087616,285569738
3,4,4,17977015115055104
3,134209791,202379520,17247271296
3,4185600,3284480,14106734386748160
3,67138060,100694038,412350838800
3,85,30576,17977015247429887
3,66073200,255,1095586247184
3,4185600,4185600,17977015122519295
3,30748,30742,268726986
3,0,30480,17977015115055104
3,7397744,255,285569738
3,4185600,4185600,17977015115055104
3,29186,33978384,17280956800
3,0,1020,14106734386745600
3,3840,133292287,131323020736534
3,4185600,4185600,17977015114137855
3,30748,369586704,130910603212822
3,0,255,17977015114137855
3,7401584,8381695,429530707984
3,4185600,4185600,17977015247429887
3,5730818,268726986,1095586247184
3,0,0,17977015122519295
3,3840,917504,268726986
3,4185600,4185600,17977015115055104
3,424261,285569738,285569738
3,464,0,17977015115055104
3,58720256,917504,17280760192
3,4185600,4185600,14106734386747648
3,7080263,100891008,17180160514
3,0,4,17977015114141440
3,58720256,202381568,21475193346
3,4185600,3284480,17977015114141440
3,31047,291330,274911885328
3,0,4,17977015247429887
3,58720256,3840,1095586247184
3,4185600,4185600,17977015122519295
3,33847312,356866,268726986
3,1260,5,17977015115055104
3,133292287,3840,285569738
3,4185600,4185600,17977015115055104
3,369455632,33978384,17280563589
3,255,984,14599315595991812
3,8381695,133292287,309271492624
3,4185600,4185600,17977015247429887
3,33978384,369586704,1095586116112
3,1256,255,17977015122519295
3,133292287,8381695,29186
3,4185600,4185600,17977015114141440
3,369586704,268726986,268726986
3,255,0,17977015115055104
3,8381695,917504,285569738
3,4185600,4185600,17977015115055104
3,34109456,285569738,67139973
3,1264,0,14599315595989252
3,133292287,917504,12885127682
3,4185600,4185600,17977015114141440
3,369717776,100694405,326451361808
3,255,4,17977015247429887
3,8381695,202382084,1095586116112
3,4185600,3399168,17977015122519295
3,291330,33847312,268726986
3,4,992,17977015115055104
3,3840,133292287,285569738
3,4185600,4185600,17977015115055104
3,356866,369455632,12952041861
3,5,255,14599315595991300
3,3840,8381695,408028475906
3,4185600,4185600,17977015114141440
3,422402,29186,429503312386
3,6,0,17977015114141440
3,3840,3840,343631230992
3,4185600,4185600,17977015247429887
3,487938,268726986,1095586116112
3,7,0,17977015122519295
3,3840,917504,268726986
3,4185600,4185600,17977015115055104
3,553474,285569738,285569738
3,8,0,17977015115055104
3,3840,917504,67139973
3,4185600,4185600,14599315595989252
3,619010,67139973,31047
3,9,0,17977015172857856
3,3840,202379524,274911754256
3,4185600,3399168,17977015247429887
3,291330,225794,1095586116112
3,4,3,17977015122519295
3,3840,3840,268726986
3,4185600,4185600,17977015115055104
3,356866,33847312,285569738
3,5,996,17977015115055104
3,3840,133292287,17247271296
3,4185600,4185600,14106734386748160
3,422402,369455632,17180160514
3,6,255,17977015114141440
3,3840,8381695,21475193346
3,4185600,4185600,17977015114141440
3,487938,268726986,268726986
3,7,0,17977015115055104
3,3840,917504,285569738
3,4185600,4185600,17977015115055104
3,553474,285569738,17247271296
3,8,0,14106734386748160
3,3840,917504,17179898370
3,4185600,4185600,17977015114141440
3,619010,67139973,21475193346
3,9,3,17977015114141440
3,3840,202381572,34360031248
3,4185600,3399168,17977015247429887
3,1341442,6124034,1095300903440
3,1603962624,79,17977015122519295
3,3840,3840,85966747664
3,4185600,4185600,17977015247429887
3,1406978,6124034,1095300903440
3,5239,93,17977015122519295
3,3840,3840,268726986
3,4185600,4185600,17977015115055104
3,31043,33847312,285569738
3,2002755320,1000,17977015115055104
3,62914580,133292287,17247271296
3,4185600,4185600,14106734386747648
3,291330,369455632,17179898370
3,4,255,17977015114141440
3,3840,8381695,360811100176
3,4185600,4185600,17977015247429887
3,291330,268726986,1095586116112
3,4,0,17977015122519295
3,3840,917504,268726986
3,4185600,4185600,17977015115055104
3,5730818,285569738,285569738
3,4,0,17977015115055104
3,3840,917504,67139973
3,4185600,4185600,14599315595991300
3,5730818,67139973,309271492624
3,87,0,17977015247429887
3,3840,202379524,1095586116112
3,4185600,3399168,17977015122519295
3,31047,31047,326451492880
3,0,0,17977015247429887
3,58720256,58720256,1095586247184
3,4185600,4185600,17977015122519295
3,424257,1560311820,360811362320
3,0,128,17977015247429887
3,58720256,66077296,1095586378256
3,4185600,4185600,17977015122519295
3,4026882,30748,17180160514
3,87,0,17977015114141440
3,3840,7397744,21475193346
3,4185600,4185600,17977015114141440
3,4026882,424261,25770226178
3,61,800,17977015114141440
3,3840,58720256,30065259010
3,4185600,4185600,17977015114141440
3,555335,12585287,34360291842
3,0,0,17977015114141440
3,58720256,58720256,38655324674
3,4185600,4185600,17977015114141440
3,31000,31047,6889380980215543810
3,0,0,17977015114141440
3,0,58720256,22501335070722
3,4185600,4185600,17977015114141440
3,31000,33847312,8601768601290045763
3,0,984,17977015177052180
3,0,133292287,17180160514
3,4185600,4185600,17977015114141440
3,29186,369455632,326451492880
3,61,255,17977015247429887
3,3840,8381695,1095586247184
3,4185600,4185600,17977015122519295
3,29186,268726986,268726986
3,0,0,17977015115055104
3,3840,917504,285569738
3,4185600,4185600,17977015115055104
3,29186,285569738,17280563589
3,0,0,14599315595991300
3,3840,917504,555335
3,4185600,4185600,17977015172857856
3,29186,67402112,31000
3,0,4,17977015114137600
3,3840,202382080,31000
3,4185600,3284480,17977015114137600
3,291330,291330,274911754256
3,62,4,17977015247429887
3,3840,3840,1095586116112
3,4185600,4185600,17977015122519295
3,356866,356866,268726986
3,63,5,17977015115055104
3,3840,3840,285569738
3,4185600,4185600,17977015115055104
3,268726986,268726986,17247271296
3,0,0,14106734386748160
3,917504,917504,309271623696
3,4185600,4185600,17977015247429887
3,285569738,285569738,1095586247184
3,0,0,17977015122519295
3,917504,917504,268726986
3,4185600,4185600,17977015115055104
3,67139973,67402112,285569738
3,0,4,17977015115055104
3,202381572,202382080,17280956800
3,3399168,3284480,14106734386745600
3,33847312,29186,131323020736534
3,1288,4,17977015114137855
3,133292287,3840,130910603212822
3,4185600,4185600,17977015114137855
3,369455632,356866,326451492880
3,255,5,17977015247429887
3,8381695,3840,1095586247184
3,4185600,4185600,17977015122519295
3,268726986,292880,268726986
3,0,8,17977015115055104
3,917504,133292287,285569738
3,4185600,4185600,17977015115055104
3,285569738,84242960,17280760192
3,0,255,14106734386747648
3,917504,8381695,17180160514
3,4185600,4185600,17977015114141440
3,67402112,67401744,21475193346
3,4,16,17977015114141440
3,202382080,133292287,171832670224
3,3284480,4185600,17977015247429887
3,33978384,84242960,1095586247184
3,1296,255,17977015122519295
3,133292287,8381695,268726986
3,4185600,4185600,17977015115055104
3,369586704,268726986,285569738
3,255,0,17977015115055104
3,8381695,917504,17280563589
3,4185600,4185600,14599315595991812
3,268726986,285569738,206192277520
3,0,0,17977015247429887
3,917504,917504,1095586116112
3,4185600,4185600,17977015122519295
3,285569738,67402112,29186
3,0,4,17977015114141440
3,917504,202381568,268726986
3,4185600,3284480,17977015115055104
3,101087616,29186,285569738
3,4,4,17977015115055104
3,202379520,3840,67139973
3,3284480,4185600,14599315595989252
3,100694038,33847312,12885127682
3,30576,1004,17977015114141440
3,255,133292287,223372146704
3,4185600,4185600,17977015247429887
3,30742,369455632,1095586116112
3,30480,255,17977015122519295
3,255,8381695,268726986
3,4185600,4185600,17977015115055104
3,291330,268726986,285569738
3,4,0,17977015115055104
3,3840,917504,12952041861
3,4185600,4185600,14599315595991300
3,356866,285569738,429503377922
3,5,0,17977015114141440
3,3840,917504,433798345218
3,4185600,4185600,17977015114141440
3,33978384,67139973,240552015888
3,1224,0,17977015247429887
3,133292287,202381572,1095586116112
3,4185600,3399168,17977015122519295
3,369586704,33847312,268726986
3,255,992,17977015115055104
3,8381695,133292287,285569738
3,4185600,4185600,17977015115055104
3,268726986,369455632,67139973
3,0,255,14599315595989252
3,917504,8381695,31047
3,4185600,4185600,17977015172857856
3,285569738,33978384,171832539152
3,0,996,17977015247429887
3,917504,133292287,1095586116112
3,4185600,4185600,17977015122519295
3,100694405,369586704,268726986
3,4,255,17977015115055104
3,202382084,8381695,285569738
3,3399168,4185600,17977015115055104
3,5534210,34109456,17247271296
3,62,1004,14106734386748160
3,3840,133292287,17180160514
3,4185600,4185600,17977015114141440
3,5599746,369717776,21475193346
3,63,255,17977015114141440
3,3840,8381695,268726986
3,4185600,4185600,17977015115055104
3,29186,291330,285569738
3,0,4,17977015115055104
3,3840,3840,17247271296
3,4185600,4185600,14106734386748160
3,5534210,356866,17179898370
3,84,5,17977015114141440
3,3840,3840,21475193346
3,4185600,4185600,17977015114141440
3,5599746,422402,34360031248
3,85,6,17977015247429887
3,3840,3840,1095300903440
3,4185600,4185600,17977015122519295
3,33847312,487938,103146616848
3,1232,7,17977015247429887
3,133292287,3840,1095300903440
3,4185600,4185600,17977015122519295
3,369455632,553474,268726986
3,255,8,17977015115055104
3,8381695,3840,285569738
3,4185600,4185600,17977015115055104
3,29186,619010,17247271296
3,0,9,14106734386747648
3,3840,3840,17179898370
3,4185600,4185600,17977015114141440
3,268726986,1341442,257731885072
3,0,1603983440,17977015247429887
3,917504,3840,1095586116112
3,4185600,4185600,17977015122519295
3,285569738,1406978,268726986
3,0,5239,17977015115055104
3,917504,3840,285569738
3,4185600,4185600,17977015115055104
3,67139973,31043,67139973
3,0,2002755320,14599315595991300
3,202379524,62914580,206192277520
3,3399168,4185600,17977015247429887
3,5665282,291330,1095586116112
3,68,4,17977015122519295
3,3840,3840,223372277776
3,4185600,4185600,17977015247429887
3,5665282,33978384,1095586247184
3,86,996,17977015122519295
3,3840,133292287,257732147216
3,4185600,4185600,17977015247429887
3,33847312,369586704,1095586378256
3,1233,255,17977015122519295
3,133292287,8381695,17180160514
3,4185600,4185600,17977015114141440
3,369455632,268726986,21475193346
3,255,0,17977015114141440
3,8381695,917504,25770226178
3,4185600,4185600,17977015114141440
3,268726986,285569738,30065259010
3,0,0,17977015114141440
3,917504,917504,34360291842
3,4185600,4185600,17977015114141440
3,285569738,100694405,38655324674
3,0,4,17977015114141440
3,917504,202381572,6889387371126880258
3,4185600,3399168,17977015114141440
3,67139973,31047,22501335070722
3,0,0,17977015114141440
3,202379524,58720256,8601768601290045763
3,3399168,4185600,17977015177052180
3,31047,424257,17180160514
3,0,0,17977015114141440
3,58720256,58720256,223372277776
3,4185600,4185600,17977015247429887
3,33847312,555335,1095586247184
3,1224,0,17977015122519295
3,133292287,58720256,268726986
3,4185600,4185600,17977015115055104
3,369455632,31000,285569738
3,255,0,17977015115055104
3,8381695,0,17280563589
3,4185600,4185600,14599315595991300
3,268726986,31000,555335
3,0,0,17977015172857856
3,917504,0,31000
3,4185600,4185600,17977015114137600
3,285569738,33847312,31000
3,0,984,17977015114137600
3,917504,133292287,171832539152
3,4185600,4185600,17977015247429887
3,67402112,369455632,1095586116112
3,4,255,17977015122519295
3,202382080,8381695,268726986
3,3284480,4185600,17977015115055104
3,422402,268726986,285569738
3,84,0,17977015115055104
3,3840,917504,17247271296
3,4185600,4185600,14106734386748160
3,487938,285569738,206192408592
3,85,0,17977015247429887
3,3840,917504,1095586247184
3,4185600,4185600,17977015122519295
3,268726986,67402112,268726986
3,0,4,17977015115055104
3,917504,202382080,285569738
3,4185600,3284480,17977015115055104
3,285569738,33978384,17280956800
3,0,992,14106734386745600
3,917504,133292287,131323020736534
3,4185600,4185600,17977015114137855
3,100694400,369586704,130910603212822
3,4,255,17977015114137855
3,202381568,8381695,223372277776
3,3284480,4185600,17977015247429887
3,33978384,268726986,1095586247184
3,1232,0,17977015122519295
3,133292287,917504,268726986
3,4185600,4185600,17977015115055104
3,369586704,285569738,285569738
3,255,0,17977015115055104
3,8381695,917504,17280760192
3,4185600,4185600,14106734386747648
3,268726986,101087616,17180160514
3,0,4,17977015114141440
3,917504,202379520,21475193346
3,4185600,3284480,17977015114141440
3,285569738,100694038,68753455120
3,0,30576,17977015247429887
3,917504,255,1095586247184
3,4185600,4185600,17977015122519295
3,101087616,30742,268726986
3,4,30480,17977015115055104
3,202379520,255,285569738
3,3284480,4185600,17977015115055104
3,100890646,33978384,17280563589
3,30576,996,14599315595991812
3,255,133292287,103113062416
3,4185600,4185600,17977015247429887
3,50558998,369586704,1095586116112
3,30480,255,17977015122519295
3,255,8381695,29186
3,4185600,4185600,17977015114141440
3,291330,268726986,268726986
3,4,0,17977015115055104
3,3840,917504,285569738
3,4185600,4185600,17977015115055104
3,356866,285569738,67139973
3,5,0,14599315595989252
3,3840,917504,12885127682
3,4185600,4185600,17977015114141440
3,33978384,100891008,120292931600
3,1208,4,17977015247429887
3,133292287,202381568,1095586116112
3,4185600,3284480,17977015122519295
3,369586704,291330,268726986
3,255,4,17977015115055104
3,8381695,3840,285569738
3,4185600,4185600,17977015115055104
3,268726986,356866,12952041861
3,0,5,14599315595991300
3,917504,3840,433798410754
3,4185600,4185600,17977015114141440
3,285569738,33978384,438093378050
3,0,960,17977015114141440
3,917504,133292287,137472800784
3,4185600,4185600,17977015247429887
3,100694405,369586704,1095586116112
3,4,255,17977015122519295
3,202382084,8381695,268726986
3,3399168,4185600,17977015115055104
3,29186,268726986,285569738
3,0,0,17977015115055104
3,3840,917504,67139973
3,4185600,4185600,14599315595989252
3,225794,285569738,31047
3,3,0,17977015172857856
3,3840,917504,68753324048
3,4185600,4185600,17977015247429887
3,5730818,100694405,1095586116112
3,0,4,14106734386747648
3,3840,3840,17180160514
3,4185600,4185600,17977015114141440
3,487938,291330,17180160514
3,7,29,17977015114141440
3,3840,3840,31047
3,4185600,4185600,17977015172857856
3,34109456,291330,4294998018
3,704,4,17977015114141440
3,133292287,3840,29186
3,4185600,4185600,17977015114141440
3,369717776,291330,29186
3,255,4,17977015114141440
3,8381695,3840,92427746768918
3,4185600,4185600,17977015114137600
3,422402,1864194,4294998018
3,6,4,17977015114141440
3,3840,3840,29186
3,4185600,4185600,17977015114141440
3,487938,291330,29186
3,7,9,17977015114141440
3,3840,3840,129811091781654
3,4185600,4185600,17977015114137603
3,268726986,4278548505,18446744069414615042
3,0,31,17977015114141440
3,917504,70660,29186
3,4185600,4185600,17977015114141440
3,285569738,750082,29186
3,0,4,17977015114141440
3,917504,3840,29186
3,4185600,4185600,17977015114141440
3,134248837,291330,422402
3,6,11,17977015114141440
3,202382084,3840,16527068002320
3,3399168,4185600,17977015247429887
3,31047,356866,1095586116112
3,0,5,17977015122519295
3,58720256,3840,268726986
3,4185600,4185600,17977015115055104
3,29186,67467289,285569738
3,255,2,17977015115055104
3,3840,66053,17247271296
3,4185600,4185600,14106734386748160
3,29186,67401753,17179898370
3,0,2,17977015114141440
3,3840,1791,21475193346
3,4185600,4185600,17977015114141440
3,29186,335835664,34360031248
3,0,4,17977015247429887
3,3840,133292287,1095300903440
3,4185600,4185600,17977015122519295
3,1864194,352678416,268726986
3,0,5,17977015115055104
3,3840,8381695,285569738
3,4185600,4185600,17977015115055104
3,1864194,291330,25836943749
3,28,4,14599315595991300
3,3840,3840,30065062402
3,4185600,4185600,17977015114141440
3,424261,356866,34360095234
3,1520,5,17977015114141440
3,58720256,3840,16458348656656
3,4185600,4185600,17977015247429887
3,31047,291330,1095586247184
3,0,4,17977015122519295
3,58720256,3840,17180160514
3,4185600,4185600,17977015114141440
3,29186,356866,21475193346
3,28,5,17977015114141440
3,3840,3840,268726986
3,4185600,4185600,17977015115055104
3,2388482,268726986,285569738
3,0,0,17977015115055104
3,3840,917504,17280563589
3,4185600,4185600,14599315595991812
3,604010508,285569738,163213963778
3,20,0,17977015114141440
3,66065008,917504,339307622914
3,4185600,4185600,17977015114141440
3,30748,67139973,154623963650
3,0,28,17977015114141440
3,7397744,202381572,335012590082
3,4185600,3399168,17977015114141440
3,6293831,151287824,129815369775126
3,4,1,17977015114137600
3,58720256,134209791,16492708263952
3,4185600,4185600,17977015247429887
3,31047,291330,1095586116112
3,0,4,17977015122519295
3,58720256,3840,29186
3,4185600,4185600,17977015114141440
3,604010532,1995266,268726986
3,256,4,17977015115055104
3,126747391,3840,285569738
3,4185600,4185600,17977015115055104
3,486568464,1995266,67139973
3,0,30,14599315595989252
3,134209791,3840,31047
3,4185600,4185600,17977015172857856
3,29186,16021831,555335
3,0,4294967288,17977015172857856
3,3840,58982399,31000
3,4185600,4185600,17977015114137600
3,4278482969,31041,31000
3,31,0,17977015114137600
3,70656,58720256,16458348525584
3,4185600,4185600,17977015247429887
3,356866,33847312,1095586116112
3,4,4368,17977015122519295
3,3840,133292287,268726986
3,4185600,4185600,17977015115055104
3,291330,369455632,285569738
3,0,255,17977015115055104
3,3840,8381695,17247271296
3,4185600,4185600,14106734386748160
3,291330,268726986,17180160514
3,4,0,17977015114141440
3,3840,917504,21475193346
3,4185600,4185600,17977015114141440
3,356866,285569738,16492708395024
3,5,0,17977015247429887
3,3840,917504,1095586247184
3,4185600,4185600,17977015122519295
3,33978384,67402112,268726986
3,688,4,17977015115055104
3,133292287,202381568,285569738
3,4185600,3284480,17977015115055104
3,369586704,291330,17280956800
3,255,4,14106734386745600
3,8381695,3840,131323020736534
3,4185600,4185600,17977015114137855
3,422402,291330,130910603212822
3,6,4,17977015114137855
3,3840,3840,17180160514
3,4185600,4185600,17977015114141440
3,487938,225794,21475193346
3,7,4,17977015114141440
3,3840,3840,16389629179920
3,4185600,4185600,17977015247429887
3,34109456,33847312,1095586247184
3,680,4392,17977015122519295
3,133292287,133292287,268726986
3,4185600,4185600,17977015115055104
3,369717776,369455632,285569738
3,255,255,17977015115055104
3,8381695,8381695,17280563589
3,4185600,4185600,14599315595991812
3,422402,268726986,92427696240662
3,6,0,17977015114137855
3,3840,917504,16423988787216
3,4185600,4185600,17977015247429887
3,487938,285569738,1095586116112
3,7,0,17977015122519295
3,3840,917504,129957120669718
3,4185600,4185600,17977015114137603
3,268726986,67139973,268726986
3,0,3,17977015115055104
3,917504,202381572,285569738
3,4185600,3399168,17977015115055104
3,285569738,33847312,12952041861
3,0,4376,14599315595989252
3,917504,133292287,339307491842
3,4185600,4185600,17977015114141440
3,134248837,369455632,29186
3,6,255,17977015114141440
3,202382084,8381695,330717557250
3,3399168,4185600,17977015114141440
3,1208834,268726986,335012459010
3,4,0,17977015114141440
3,3840,917504,326422524418
3,4185600,4185600,17977015114141440
3,1274370,285569738,16428283754512
3,5,0,17977015247429887
3,3840,917504,1095586116112
3,4185600,4185600,17977015122519295
3,31047,67402112,29186
3,0,4,17977015114141440
3,58720256,202382080,268726986
3,4185600,3284480,17977015115055104
3,555335,291330,285569738
3,0,4,17977015115055104
3,58720256,3840,67139973
3,4185600,4185600,14599315595989252
3,31000,356866,31047
3,0,5,17977015172857856
3,0,3840,18446744070694336528
3,4185600,4185600,17977015248347391
3,31000,268726986,304947360258
3,0,0,17977015114141440
3,0,917504,4294998018
3,4185600,4185600,17977015114141440
3,33847312,285569738,330712707586
3,680,0,17977015114141440
3,133292287,917504,16441168656400
3,4185600,4185600,17977015247429887
3,369455632,67402112,1095586116112
3,255,4,17977015122519295
3,8381695,202381568,268726986
3,4185600,3284480,17977015115055104
3,268726986,906261008,285569738
3,0,4,17977015115055104
3,917504,134209791,12952041861
3,4185600,4185600,14599315595991300
3,285569738,67138060,16389629048848
3,0,53,17977015247429887
3,917504,66073200,1095586116112
3,4185600,4185600,17977015122519295
3,67402112,30748,268726986
3,4,0,17977015115055104
3,202382080,7397744,285569738
3,3284480,4185600,17977015115055104
3,29186,29186,17247271296
3,4,0,14106734386748160
3,3840,3840,16428283885584
3,4185600,4185600,17977015247429887
3,356866,30748,1095586247184
3,5,0,17977015122519295
3,3840,7401584,268726986
3,4185600,4185600,17977015115055104
3,292880,3633666,285569738
3,8,0,17977015115055104
3,133292287,3840,17280956800
3,4185600,4185600,14106734386745600
3,84242960,424261,131323020933142
3,255,464,17977015114137855
3,8381695,58720256,130910653741078
3,4185600,4185600,17977015114137855
3,33978384,7080263,17180160514
3,680,0,17977015114141440
3,133292287,58720256,21475193346
3,4185600,4185600,17977015114141440
3,369586704,31047,16320909703184
3,255,0,17977015247429887
3,8381695,58720256,1095586247184
3,4185600,4185600,17977015122519295
3,268726986,33847312,268726986
3,0,4388,17977015115055104
3,917504,133292287,285569738
3,4185600,4185600,17977015115055104
3,285569738,369455632,17280563589
3,0,255,14599315595991812
3,917504,8381695,16441171343376
3,4185600,4185600,17977015247429887
3,101087616,33978384,1095588803088
3,4,4384,17977015122519295
3,202382080,133292287,193276506626
3,3284480,4185600,17977015114141440
3,422402,369586704,197571539458
3,6,255,17977015114141440
3,3840,8381695,29186
3,4185600,4185600,17977015114141440
3,487938,34109456,12885127682
3,7,4392,17977015114141440
3,3840,133292287,193276506626
3,4185600,4185600,17977015114141440
3,268726986,369717776,197571539458
3,0,255,17977015114141440
3,917504,8381695,16355269310480
3,4185600,4185600,17977015247429887
3,285569738,291330,1095586116112
3,0,4,17977015122519295
3,917504,3840,12885127682
3,4185600,4185600,17977015114141440
3,101087616,356866,268726986
3,4,5,17977015115055104
3,202382080,3840,285569738
3,3284480,4185600,17977015115055104
3,29186,422402,12952041861
3,6,6,14599315595989252
3,3840,3840,304945590786
3,4185600,4185600,17977015114141440
3,487938,487938,188981473794
3,7,7,17977015114141440
3,3840,3840,16359564277776
3,4185600,4185600,17977015247429887
3,422402,553474,1095586116112
3,18,8,17977015122519295
3,3840,3840,129811091781654
3,4185600,4185600,17977015114137603
3,225794,619010,268726986
3,19,9,17977015115055104
3,3840,3840,285569738
3,4185600,4185600,17977015115055104
3,422416,291330,12952041861
3,6,4,14599315595989252
3,133292287,3840,31047
3,4185600,4185600,17977015172857856
3,117928464,356866,16320909572112
3,3,5,17977015247429887
3,8381695,3840,1095586116112
3,4185600,4185600,17977015122519295
3,291330,422402,268726986
3,4,6,17977015115055104
3,3840,3840,285569738
3,4185600,4185600,17977015115055104
3,356866,487938,17247271296
3,5,7,14106734386748160
3,3840,3840,193273950722
3,4185600,4185600,17977015114141440
3,422402,553474,197568983554
3,6,8,17977015114141440
3,3840,3840,268726986
3,4185600,4185600,17977015115055104
3,487938,619010,285569738
3,7,9,17977015115055104
3,3840,3840,17280760192
3,4185600,4185600,14106734386747648
3,1341442,1341442,16355269441552
3,1604005280,1604082656,17977015247429887
3,3840,3840,1095586247184
3,4185600,4185600,17977015122519295
3,1406978,1406978,268726986
3,5239,5239,17977015115055104
3,3840,3840,285569738
3,4185600,4185600,17977015115055104
3,12613955,31043,17280956800
3,2002755328,2002755320,14106734386745600
3,62914580,62914580,131323021129750
3,4185600,4185600,17977015114137855
3,291330,291330,130910704400406
3,4,4,17977015114137855
3,3840,3840,17180160514
3,4185600,4185600,17977015114141440
3,29186,291330,21475193346
3,4,4,17977015114141440
3,3840,3840,16252190226448
3,4185600,4185600,17977015247429887
3,33847312,3633666,1095586247184
3,704,4,17977015122519295
3,133292287,3840,268726986
3,4185600,4185600,17977015115055104
3,21344,3633666,285569738
3,0,55,17977015115055104
3,16016,3840,17280563589
3,0,4185600,14599315595991812
3,34,31047,12885127682
3,34,0,17977015114141440
3,34,58720256,34360291842
3,34,4185600,17977015114141440
3,34,424257,12888011266
3,34,0,17977015114141440
3,34,58720256,16286549833744
3,34,4185600,17977015247429887
3,34,2519554,1095586116112
3,34,55,17977015122519295
3,34,3840,34360291842
3,34,4185600,17977015114141440
3,34,2519554,268726986
3,34,38,17977015115055104
3,34,3840,285569738
3,34,4185600,17977015115055104
3,34,555335,34426878341
3,34,0,14599315595989252
3,34,58720256,188981998082
3,34,4185600,17977015114141440
3,34,31000,223341736450
3,34,0,17977015114141440
3,34,0,29186
3,34,4185600,17977015114141440
3,34,31000,3502594
3,34,0,17977015114141440
3,34,0,16290844801040
3,34,4185600,17977015247429887
3,34,29186,1095586116112
3,34,38,17977015122519295
3,34,3840,268726986
3,34,4185600,17977015115055104
3,34,29186,285569738
3,34,0,17977015115055104
3,34,3840,67139973
3,34,4185600,14599315595989252
3,34,29186,31047
3,34,0,17977015172857856
3,34,3840,555335
3,34,4185600,17977015172857856
3,34,29186,31000
3,34,0,17977015114137600
3,34,3840,31000
3,34,4185600,17977015114137600
3,34,291330,16252190095376
3,34,39,17977015247429887
3,34,3840,1095586116112
3,34,4185600,17977015122519295
3,34,356866,268726986
3,34,44,17977015115055104
3,34,3840,285569738
3,34,4185600,17977015115055104
3,34,268726986,17247271296
3,34,0,14106734386748160
3,34,917504,16286549964816
3,34,4185600,17977015247429887
3,34,285569738,1095586247184
3,34,0,17977015122519295
3,34,917504,268726986
3,34,4185600,17977015115055104
3,34,67139973,285569738
3,34,0,17977015115055104
3,34,202381572,17280956800
3,34,3399168,14106734386745600
3,34,33847312,131323020736534
3,34,4416,17977015114137855
3,34,133292287,130910603212822
3,34,4185600,17977015114137855
3,34,369455632,17180160514
3,34,255,17977015114141440
3,34,8381695,21475193346
3,34,4185600,17977015114141440
3,34,268726986,16149111011344
3,34,0,17977015247429887
3,34,917504,1095586247184
3,34,4185600,17977015122519295
3,34,285569738,268726986
3,34,0,17977015115055104
3,34,917504,285569738
3,34,4185600,17977015115055104
3,34,67402112,17280563589
3,34,4,14599315595991812
3,34,202382080,201863688706
3,34,3284480,17977015114141440
3,34,33978384,16183470618640
3,34,4424,17977015247429887
3,34,133292287,1095586116112
3,34,4185600,17977015122519295
3,34,369586704,268726986
3,34,255,17977015115055104
3,34,8381695,285569738
3,34,4185600,17977015115055104
3,34,268726986,12952041861
3,34,0,14599315595991300
3,34,917504,16200650487824
3,34,4185600,17977015247429887
3,34,285569738,1095586116112
3,34,0,17977015122519295
3,34,917504,29186
3,34,4185600,17977015114141440
3,34,101087616,268726986
3,34,4,17977015115055104
3,34,202379520,285569738
3,34,3284480,17977015115055104
3,34,100694038,67139973
3,34,30576,14599315595989252
3,34,255,223341867522
3,34,4185600,17977015114141440
3,34,30742,231931802114
3,34,30480,17977015114141440
3,34,255,227636900354
3,34,4185600,17977015114141440
3,34,291330,236226834946
3,34,4,17977015114141440
3,34,3840,31047
3,34,4185600,17977015172857856
3,34,356866,16183470618640
3,34,5,17977015247429887
3,34,3840,1095586116112
3,34,4185600,17977015122519295
3,34,33978384,268726986
3,34,4352,17977015115055104
3,34,133292287,285569738
3,34,4185600,17977015115055104
3,34,369586704,17247271296
3,34,255,14106734386747648
3,34,8381695,17180160514
3,34,4185600,17977015114141440
3,34,268726986,17179898370
3,34,0,17977015114141440
3,34,917504,16149110880272
3,34,4185600,17977015247429887
3,34,285569738,1095586116112
3,34,0,17977015122519295
3,34,917504,268726986
3,34,4185600,17977015115055104
3,34,100694405,285569738
3,34,4,17977015115055104
3,34,202382084,17247271296
3,34,3399168,14106734386748160
3,34,3568130,17180094978
3,34,39,17977015114141440
3,34,3840,21475193346
3,34,4185600,17977015114141440
3,34,3502594,34410362896
3,34,44,17977015247429887
3,34,3840,1095300903440
3,34,4185600,17977015122519295
3,34,29186,268726986
3,34,0,17977015115055104
3,34,3840,285569738
3,34,4185600,17977015115055104
3,34,3568130,17247205760
3,34,54,14106734386747648
3,34,3840,29186
3,34,4185600,17977015114141440
3,34,3502594,16097571272720
3,34,53,17977015247429887
3,34,3840,1095586116112
3,34,4185600,17977015122519295
3,34,33847312,268726986
3,34,4360,17977015115055104
3,34,133292287,285569738
3,34,4185600,17977015115055104
3,34,369455632,67139973
3,34,255,14599315595991300
3,34,8381695,236223492610
3,34,4185600,17977015114141440
3,34,29186,12885127682
3,34,0,17977015114141440
3,34,3840,17180291586
3,34,4185600,17977015114141440
3,34,268726986,231928525314
3,34,0,17977015114141440
3,34,917504,17180357122
3,34,4185600,17977015114141440
3,34,285569738,12885127682
3,34,0,17977015114141440
3,34,917504,12885127682
3,34,4185600,17977015114141440
3,34,67139973,31047
3,34,0,17977015172857856
3,34,202379524,4295260162
3,34,3399168,17977015114141440
3,34,3437058,17180422658
3,34,45,17977015114141440
3,34,3840,17180488194
3,34,4185600,17977015114141440
3,34,3437058,34360291842
3,34,52,17977015114141440
3,34,3840,16114751141904
3,34,4185600,17977015247429887
3,34,33847312,1095586116112
3,34,4361,17977015122519295
3,34,133292287,17180160514
3,34,4185600,17977015114141440
3,34,369455632,21475193346
3,34,255,17977015114141440
3,34,8381695,17181209090
3,34,4185600,17977015114141440
3,34,268726986,21476241922
3,34,0,17977015114141440
3,34,917504,16097571272720
3,34,4185600,17977015247429887
3,34,285569738,1095586116112
3,34,0,17977015122519295
3,34,917504,17180160514
3,34,4185600,17977015114141440
3,34,67139973,21475193346
3,34,0,17977015114141440
3,34,202379524,17181995522
3,34,3399168,17977015114141440
3,34,31047,21477028354
3,34,0,17977015114141440
3,34,58720256,137439244802
3,34,4185600,17977015114141440
3,34,33847312,141734277634
3,34,4352,17977015114141440
3,34,133292287,268726986
3,34,4185600,17977015115055104
3,34,369455632,285569738
3,34,255,17977015115055104
3,34,8381695,17247271296
3,34,4185600,14106734386747648
3,34,268726986,17180160514
3,34,0,17977015114141440
3,34,917504,17180160514
3,34,4185600,17977015114141440
3,34,285569738,25770160642
3,34,0,17977015114141440
3,34,917504,21475193346
3,34,4185600,17977015114141440
3,34,67402112,30065259010
3,34,4,17977015114141440
3,34,202382080,30065455618
3,34,3284480,17977015114141440
3,34,422402,12885127682
3,34,54,17977015114141440
3,34,3840,12885914114
3,34,4185600,17977015114141440
3,34,487938,31047
3,34,53,17977015172857856
3,34,3840,17180750338
3,34,4185600,17977015114141440
3,34,268726986,21475652098
3,34,0,17977015114141440
3,34,917504,42950423042
3,34,4185600,17977015114141440
3,34,285569738,64425521666
3,34,0,17977015114141440
3,34,917504,274877937989
3,34,4185600,17977015172857856
3,34,100694400,252212040
3,34,4,17977015177052160
3,34,202381568,576460804062081929
3,34,3284480,14106734185152523
3,34,33978384,31003
3,34,4360,17977015172857856
3,34,133292287,31041
3,34,4185600,17977015172857856
3,34,369586704,60130488834
3,34,255,17977015114141440
3,34,8381695,60131340802
3,34,4185600,17977015114141440
3,34,268726986,115964408322
3,34,0,17977015114141440
3,34,917504,17180160514
3,34,4185600,17977015114141440
3,34,285569738,17180160514
3,34,0,17977015114141440
3,34,917504,17180553730
3,34,4185600,17977015114141440
3,34,101087616,85899637250
3,34,4,17977015114141440
3,34,202379520,90194670082
3,34,3284480,17977015114141440
3,34,100890646,268726986
3,34,30576,17977015115055104
3,34,255,285569738
3,34,4185600,17977015115055104
3,34,50558998,43016812933
3,34,30480,14599315595991300
3,34,255,38655324674
3,34,4185600,17977015114141440
3,34,291330,38655324674
3,34,4,17977015114141440
3,34,3840,38656700930
3,34,4185600,17977015114141440
3,34,356866,128851014146
3,34,5,17977015114141440
3,34,3840,4741643925829
3,34,4185600,17977015172857856
3,34,33978384,31047
3,34,4336,17977015172857856
3,34,133292287,128849310210
3,34,4185600,17977015114141440
3,34,369586704,17180488194
3,34,255,17977015114141440
3,34,8381695,4445992972
3,34,4185600,17977015180202608
3,34,268726986,30748
3,34,0,17977015121535344
3,34,917504,16255303
3,34,4185600,17977015172857856
3,34,285569738,31047
3,34,0,17977015172857856
3,34,917504,38654996994
3,34,4185600,17977015114141440
3,34,100694405,137422534681
3,34,4,17977015114208260
3,34,202382084,17180619266
3,34,3399168,17977015114141440
3,34,29186,47244931586
3,34,0,17977015114141440
3,34,3840,21475193346
3,34,4185600,17977015114141440
3,34,225794,8657401881
3,34,3,17977015114203653
3,34,3840,8657336345
3,34,4185600,17977015114139391
3,34,3633666,17717031440
3,34,0,17977015247429887
3,34,3840,22028841488
3,34,4185600,17977015122519295
3,34,33847312,17180160514
3,34,4344,17977015114141440
3,34,133292287,21475193346
3,34,4185600,17977015114141440
3,34,369455632,17180160514
3,34,255,17977015114141440
3,34,8381695,21475193346
3,34,4185600,17977015114141440
3,34,225794,268726986
3,34,3,17977015115055104
3,34,3840,285569738
3,34,4185600,17977015115055104
3,34,268726986,17247271296
3,34,0,14106734386747648
3,34,917504,17180160514
3,34,4185600,17977015114141440
3,34,285569738,17180160514
3,34,0,17977015114141440
3,34,917504,25770160642
3,34,4185600,17977015114141440
3,34,67139973,21475193346
3,34,3,17977015114141440
3,34,202379524,30065259010
3,34,3399168,17977015114141440
3,34,3961346,30065521154
3,34,52,17977015114141440
3,34,3840,12885127682
3,34,4185600,17977015114141440
3,34,3961346,12885914114
3,34,60,17977015114141440
3,34,3840,31047
3,34,4185600,17977015172857856
3,34,30722,17180750338
3,34,2,17977015114141440
3,34,3840,21475652098
3,34,4185600,17977015114141440
3,34,29186,47245390338
3,34,0,17977015114141440
3,34,3840,64425521666
3,34,4185600,17977015114141440
3,34,4026882,274878003525
3,34,0,17977015172857856
3,34,3840,252212040
3,34,4185600,17977015177052160
3,34,33847312,576460804062081929
3,34,4345,14106734185152523
3,34,133292287,31003
3,34,4185600,17977015172857856
3,34,369455632,96577
3,34,255,17977015172857856
3,34,8381695,60130488834
3,34,4185600,17977015114141440
3,34,268726986,60131471874
3,34,0,17977015114141440
3,34,917504,124554342914
3,34,4185600,17977015114141440
3,34,285569738,17180160514
3,34,0,17977015114141440
3,34,917504,17180160514
3,34,4185600,17977015114141440
3,34,67139973,17181733378
3,34,0,17977015114141440
3,34,202379524,38654996994
3,34,3399168,17977015114141440
3,34,31047,137422534681
3,34,0,17977015114208260
3,34,58720256,17180619266
3,34,4185600,17977015114141440
3,34,555335,47244931586
3,34,0,17977015114141440
3,34,58720256,21475193346
3,34,4185600,17977015114141440
3,34,31000,8657401881
3,34,0,17977015114203653
3,34,0,8657336345
3,34,4185600,17977015114139391
3,34,31000,17515704848
3,34,0,17977015247429887
3,34,0,21827514896
3,34,4185600,17977015122519295
3,34,33847312,17180160514
3,34,4336,17977015114141440
3,34,133292287,21475193346
3,34,4185600,17977015114141440
3,34,369455632,17180160514
3,34,255,17977015114141440
3,34,8381695,21475193346
3,34,4185600,17977015114141440
3,34,268726986,268726986
3,34,0,17977015115055104
3,34,917504,285569738
3,34,4185600,17977015115055104
3,34,285569738,120326224261
3,34,0,14599315595991300
3,34,917504,4446255120
3,34,4185600,17977015248347391
3,34,67402112,17180160514
3,34,4,17977015114141440
3,34,202382080,17181864450
3,34,3284480,17977015114141440
3,34,33978384,128851014146
3,34,4344,17977015114141440
3,34,133292287,18446744039365835079
3,34,4185600,17977015173119999
